Date,KNCR11.SA
2014-08-06,61.49406051635742
2014-08-07,62.884159088134766
2014-08-08,62.884159088134766
2014-08-11,62.21015930175781
2014-08-12,62.577247619628906
2014-08-13,62.884159088134766
2014-08-14,62.282371520996094
2014-08-15,64.02749633789062
2014-08-18,63.6363410949707
2014-08-19,62.884159088134766
2014-08-20,61.98149490356445
2014-08-21,62.5832633972168
2014-08-22,63.786781311035156
2014-08-25,63.33546447753906
2014-08-26,62.5832633972168
2014-08-27,63.660438537597656
2014-08-28,63.72060775756836
2014-08-29,63.726600646972656
2014-09-01,63.786781311035156
2014-09-02,63.479888916015625
2014-09-03,63.546077728271484
2014-09-04,63.7567024230957
2014-09-05,63.48589324951172
2014-09-08,63.726600646972656
2014-09-09,62.89017105102539
2014-09-10,62.63740921020508
2014-09-11,63.666446685791016
2014-09-12,63.726600646972656
2014-09-15,62.87815475463867
2014-09-16,63.6363410949707
2014-09-17,63.17902374267578
2014-09-18,63.786781311035156
2014-09-19,63.17298889160156
2014-09-22,62.577247619628906
2014-09-23,62.998470306396484
2014-09-24,63.60627746582031
2014-09-25,62.95636749267578
2014-09-26,63.546077728271484
2014-09-29,63.60627746582031
2014-09-30,63.425724029541016
2014-10-01,62.282371520996094
2014-10-02,61.98149490356445
2014-10-03,60.976566314697266
2014-10-06,60.77799606323242
2014-10-07,61.139041900634766
2014-10-08,60.78400802612305
2014-10-09,61.7047004699707
2014-10-10,61.57831954956055
2014-10-13,61.909305572509766
2014-10-14,61.98149490356445
2014-10-15,61.680633544921875
2014-10-16,61.56027603149414
2014-10-17,61.98149490356445
2014-10-20,61.530189514160156
2014-10-21,61.92132568359375
2014-10-22,62.854061126708984
2014-10-23,62.82394790649414
2014-10-24,62.5832633972168
2014-10-27,61.92132568359375
2014-10-28,62.82394790649414
2014-10-29,62.282371520996094
2014-10-30,62.87815475463867
2014-10-31,62.739707946777344
2014-11-03,63.30537796020508
2014-11-04,63.479888916015625
2014-11-05,62.884159088134766
2014-11-06,63.18502426147461
2014-11-07,63.1248664855957
2014-11-10,63.18502426147461
2014-11-11,62.89617156982422
2014-11-12,63.1910514831543
2014-11-13,62.5832633972168
2014-11-14,62.7036018371582
2014-11-17,63.49192810058594
2014-11-18,62.077781677246094
2014-11-19,61.98149490356445
2014-11-21,61.98149490356445
2014-11-24,61.686641693115234
2014-11-25,61.97550964355469
2014-11-26,62.5832633972168
2014-11-27,63.69654846191406
2014-11-28,63.70858383178711
2014-12-01,63.18502426147461
2014-12-02,63.786781311035156
2014-12-03,63.666446685791016
2014-12-04,63.786781311035156
2014-12-05,63.070682525634766
2014-12-08,63.666446685791016
2014-12-09,63.06467056274414
2014-12-10,63.36557388305664
2014-12-11,62.5832633972168
2014-12-12,62.5832633972168
2014-12-15,62.282371520996094
2014-12-16,59.69480895996094
2014-12-17,62.51108169555664
2014-12-18,63.33546447753906
2014-12-19,61.680633544921875
2014-12-22,61.98149490356445
2014-12-23,62.282371520996094
2014-12-26,62.282371520996094
2014-12-29,63.18502426147461
2014-12-30,63.479888916015625
2015-01-02,62.5832633972168
2015-01-05,62.27034378051758
2015-01-06,63.18502426147461
2015-01-07,62.342586517333984
2015-01-08,63.18502426147461
2015-01-09,62.432830810546875
2015-01-12,63.17298889160156
2015-01-13,63.48589324951172
2015-01-14,62.61935806274414
2015-01-15,63.48589324951172
2015-01-16,63.92518997192383
2015-01-19,63.06467056274414
2015-01-20,63.90113067626953
2015-01-21,63.92518997192383
2015-01-22,63.070682525634766
2015-01-23,63.92518997192383
2015-01-26,63.87704086303711
2015-01-27,63.907142639160156
2015-01-28,64.08767700195312
2015-01-29,64.08767700195312
2015-01-30,64.50890350341797
2015-02-02,63.48589324951172
2015-02-03,63.786781311035156
2015-02-04,63.48589324951172
2015-02-05,64.23811340332031
2015-02-06,62.282371520996094
2015-02-09,63.786781311035156
2015-02-10,64.3885498046875
2015-02-11,64.3885498046875
2015-02-12,64.86996459960938
2015-02-13,64.99032592773438
2015-02-18,64.99032592773438
2015-02-19,64.93016052246094
2015-02-20,64.99032592773438
2015-02-23,64.99032592773438
2015-02-24,64.99032592773438
2015-02-25,64.99032592773438
2015-02-26,64.99032592773438
2015-02-27,64.86996459960938
2015-03-02,63.60627746582031
2015-03-03,63.78076934814453
2015-03-04,63.18502426147461
2015-03-05,64.62926483154297
2015-03-06,63.48589324951172
2015-03-09,62.974422454833984
2015-03-10,63.48589324951172
2015-03-11,64.3885498046875
2015-03-12,62.89017105102539
2015-03-13,63.3956413269043
2015-03-16,63.786781311035156
2015-03-17,63.18502426147461
2015-03-18,62.974422454833984
2015-03-19,63.786781311035156
2015-03-20,63.18502426147461
2015-03-23,64.20198822021484
2015-03-24,63.786781311035156
2015-03-25,64.02749633789062
2015-03-26,63.31742477416992
2015-03-27,64.20198822021484
2015-03-30,64.68943786621094
2015-03-31,64.3885498046875
2015-04-01,63.48589324951172
2015-04-02,62.89017105102539
2015-04-06,63.786781311035156
2015-04-07,63.786781311035156
2015-04-08,63.786781311035156
2015-04-09,63.48589324951172
2015-04-10,64.0816421508789
2015-04-13,64.68943786621094
2015-04-14,63.907142639160156
2015-04-15,64.68943786621094
2015-04-16,63.94322967529297
2015-04-17,64.68338775634766
2015-04-20,64.93016052246094
2015-04-22,64.68943786621094
2015-04-23,64.99032592773438
2015-04-24,64.27421569824219
2015-04-27,64.23811340332031
2015-04-28,64.42462921142578
2015-04-29,65.20091247558594
2015-04-30,64.99032592773438
2015-05-04,63.907142639160156
2015-05-05,64.6533432006836
2015-05-06,64.62926483154297
2015-05-07,64.59917449951172
2015-05-08,64.65934753417969
2015-05-11,64.68943786621094
2015-05-12,64.68943786621094
2015-05-13,64.34037780761719
2015-05-14,64.99032592773438
2015-05-15,64.03955078125
2015-05-18,64.3885498046875
2015-05-19,64.26819610595703
2015-05-20,64.08767700195312
2015-05-21,64.2080307006836
2015-05-22,64.37051391601562
2015-05-25,64.08767700195312
2015-05-26,64.3885498046875
2015-05-27,63.93724060058594
2015-05-28,64.09370422363281
2015-05-29,64.3885498046875
2015-06-01,64.3885498046875
2015-06-02,64.07565307617188
2015-06-03,64.69544982910156
2015-06-05,64.86996459960938
2015-06-08,64.68943786621094
2015-06-09,64.62323760986328
2015-06-10,63.907142639160156
2015-06-11,63.96731948852539
2015-06-12,64.22005462646484
2015-06-15,63.93724060058594
2015-06-16,63.907142639160156
2015-06-17,64.01544952392578
2015-06-18,64.62323760986328
2015-06-19,64.23210906982422
2015-06-22,64.3885498046875
2015-06-23,63.79280471801758
2015-06-24,64.44872283935547
2015-06-25,64.14781951904297
2015-06-26,64.53898620605469
2015-06-29,63.7988395690918
2015-06-30,63.81687927246094
2015-07-01,63.04060363769531
2015-07-02,63.25725173950195
2015-07-03,63.726600646972656
2015-07-06,63.269283294677734
2015-07-07,63.48589324951172
2015-07-08,63.1910514831543
2015-07-10,63.18502426147461
2015-07-13,63.06467056274414
2015-07-14,63.06467056274414
2015-07-15,63.070682525634766
2015-07-16,63.3294792175293
2015-07-17,63.25725173950195
2015-07-20,63.48589324951172
2015-07-21,63.60627746582031
2015-07-22,64.3885498046875
2015-07-23,64.96625518798828
2015-07-24,65.29117584228516
2015-07-27,65.30323791503906
2015-07-28,65.35140228271484
2015-07-29,65.6522445678711
2015-07-30,65.85084533691406
2015-07-31,65.77262115478516
2015-08-03,65.47173309326172
2015-08-04,65.56201934814453
2015-08-05,66.04339599609375
2015-08-06,66.17578887939453
2015-08-07,65.59208679199219
2015-08-10,65.71244049072266
2015-08-11,66.37439727783203
2015-08-12,66.37439727783203
2015-08-13,66.79559326171875
2015-08-14,66.79559326171875
2015-08-17,66.79559326171875
2015-08-18,66.79559326171875
2015-08-19,66.79559326171875
2015-08-20,66.19384002685547
2015-08-21,66.79559326171875
2015-08-24,66.19384002685547
2015-08-25,66.29012298583984
2015-08-26,66.25402069091797
2015-08-27,67.39739227294922
2015-08-28,67.8547134399414
2015-08-31,69.2026596069336
2015-09-01,67.69825744628906
2015-09-02,66.79559326171875
2015-09-03,67.39739227294922
2015-09-04,67.93894958496094
2015-09-08,67.5177001953125
2015-09-09,67.93894958496094
2015-09-10,68.30001068115234
2015-09-11,66.94603729248047
2015-09-14,67.45756530761719
2015-09-15,66.4947280883789
2015-09-16,68.00513458251953
2015-09-17,67.99913787841797
2015-09-18,67.69825744628906
2015-09-21,66.18782806396484
2015-09-22,64.68943786621094
2015-09-23,64.08767700195312
2015-09-24,64.3885498046875
2015-09-25,65.71244049072266
2015-09-28,64.3885498046875
2015-09-29,64.24414825439453
2015-09-30,65.1407699584961
2015-10-01,66.3442611694336
2015-10-02,65.89295959472656
2015-10-05,64.32836151123047
2015-10-06,64.08767700195312
2015-10-07,65.57401275634766
2015-10-08,64.3885498046875
2015-10-09,65.5860366821289
2015-10-13,64.98430633544922
2015-10-14,64.99032592773438
2015-10-15,63.21510696411133
2015-10-16,64.98430633544922
2015-10-19,64.99032592773438
2015-10-20,64.68338775634766
2015-10-21,65.59208679199219
2015-10-22,66.76551055908203
2015-10-23,65.74250793457031
2015-10-26,66.79559326171875
2015-10-27,66.4947280883789
2015-10-28,66.94002532958984
2015-10-29,66.94603729248047
2015-10-30,67.09647369384766
2015-11-03,67.24693298339844
2015-11-04,66.55488586425781
2015-11-05,66.37439727783203
2015-11-06,66.08551788330078
2015-11-09,66.04940032958984
2015-11-10,66.1156234741211
2015-11-11,66.70533752441406
2015-11-12,65.61012268066406
2015-11-13,65.61012268066406
2015-11-16,66.78958129882812
2015-11-17,66.13970184326172
2015-11-18,66.19384002685547
2015-11-19,65.85686492919922
2015-11-23,66.48871612548828
2015-11-24,66.79559326171875
2015-11-25,67.09647369384766
2015-11-26,66.35031127929688
2015-11-27,67.39739227294922
2015-11-30,69.19662475585938
2015-12-01,66.78958129882812
2015-12-02,68.6008529663086
2015-12-03,67.99312591552734
2015-12-04,68.05929565429688
2015-12-07,67.40937805175781
2015-12-08,67.99913787841797
2015-12-09,68.05929565429688
2015-12-10,67.71027374267578
2015-12-11,67.69825744628906
2015-12-14,67.69825744628906
2015-12-15,67.1085205078125
2015-12-16,66.19384002685547
2015-12-17,64.3885498046875
2015-12-18,64.62926483154297
2015-12-21,64.56908416748047
2015-12-22,64.86996459960938
2015-12-23,65.59208679199219
2015-12-28,66.4646224975586
2015-12-29,66.76551055908203
2015-12-30,65.50179290771484
2016-01-04,64.3885498046875
2016-01-05,64.08767700195312
2016-01-06,64.97828674316406
2016-01-07,64.3885498046875
2016-01-08,64.42462921142578
2016-01-11,64.3885498046875
2016-01-12,64.99632263183594
2016-01-13,64.99032592773438
2016-01-14,64.39456176757812
2016-01-15,64.80979919433594
2016-01-18,64.69544982910156
2016-01-19,63.79280471801758
2016-01-20,63.786781311035156
2016-01-21,63.786781311035156
2016-01-22,63.48589324951172
2016-01-26,63.666446685791016
2016-01-27,63.33546447753906
2016-01-28,63.33546447753906
2016-01-29,63.40766143798828
2016-02-01,63.1910514831543
2016-02-02,63.18502426147461
2016-02-03,63.3956413269043
2016-02-04,63.251197814941406
2016-02-05,63.36557388305664
2016-02-10,64.03955078125
2016-02-11,63.36557388305664
2016-02-12,63.79280471801758
2016-02-15,63.786781311035156
2016-02-16,64.08767700195312
2016-02-17,64.1779556274414
2016-02-18,64.08767700195312
2016-02-19,64.08767700195312
2016-02-22,64.0816421508789
2016-02-23,63.48589324951172
2016-02-24,63.251197814941406
2016-02-25,63.786781311035156
2016-02-26,63.786781311035156
2016-02-29,64.09971618652344
2016-03-01,63.30537796020508
2016-03-02,63.786781311035156
2016-03-03,63.09474563598633
2016-03-04,63.18502426147461
2016-03-07,63.786781311035156
2016-03-08,63.48589324951172
2016-03-09,63.786781311035156
2016-03-10,64.62926483154297
2016-03-11,64.39456176757812
2016-03-14,63.93724060058594
2016-03-15,64.62323760986328
2016-03-16,64.62926483154297
2016-03-17,65.2972183227539
2016-03-18,65.5860366821289
2016-03-21,64.80979919433594
2016-03-22,65.5860366821289
2016-03-23,65.56201934814453
2016-03-24,65.89295959472656
2016-03-28,66.10355377197266
2016-03-29,66.48871612548828
2016-03-30,66.79559326171875
2016-03-31,66.79559326171875
2016-04-01,66.48268127441406
2016-04-04,66.13368225097656
2016-04-05,65.6522445678711
2016-04-06,65.6522445678711
2016-04-07,65.89897918701172
2016-04-08,66.4947280883789
2016-04-11,65.59810638427734
2016-04-12,67.10250091552734
2016-04-13,66.79559326171875
2016-04-14,66.79559326171875
2016-04-15,66.79559326171875
2016-04-18,67.09647369384766
2016-04-19,66.8316879272461
2016-04-20,67.09647369384766
2016-04-22,67.39739227294922
2016-04-25,68.5948715209961
2016-04-26,68.6008529663086
2016-04-27,68.54070281982422
2016-04-28,67.99913787841797
2016-04-29,67.68019104003906
2016-05-02,65.59208679199219
2016-05-03,66.19384002685547
2016-05-04,64.99632263183594
2016-05-05,66.19384002685547
2016-05-06,66.19384002685547
2016-05-09,66.19384002685547
2016-05-10,66.19384002685547
2016-05-11,66.19384002685547
2016-05-12,66.8677978515625
2016-05-13,65.97119903564453
2016-05-16,67.39134979248047
2016-05-17,68.31806182861328
2016-05-18,68.30001068115234
2016-05-19,67.39739227294922
2016-05-20,68.30001068115234
2016-05-23,67.09647369384766
2016-05-24,67.09647369384766
2016-05-25,67.10250091552734
2016-05-27,68.25186920166016
2016-05-30,67.69825744628906
2016-05-31,68.2398452758789
2016-06-01,67.39739227294922
2016-06-02,67.56584930419922
2016-06-03,67.93894958496094
2016-06-06,67.68621063232422
2016-06-07,65.65826416015625
2016-06-08,66.79559326171875
2016-06-09,66.4947280883789
2016-06-10,66.26604461669922
2016-06-13,66.61508178710938
2016-06-14,66.4947280883789
2016-06-15,66.19384002685547
2016-06-16,65.59810638427734
2016-06-17,65.71244049072266
2016-06-20,65.89295959472656
2016-06-21,65.83277130126953
2016-06-22,65.83277130126953
2016-06-23,65.71244049072266
2016-06-24,65.83277130126953
2016-06-27,65.59208679199219
2016-06-28,66.37439727783203
2016-06-29,65.2611083984375
2016-06-30,65.59208679199219
2016-07-01,65.42961120605469
2016-07-04,64.90003967285156
2016-07-05,65.4115219116211
2016-07-06,65.4115219116211
2016-07-07,65.4115219116211
2016-07-08,65.41758728027344
2016-07-11,65.55598449707031
2016-07-12,65.30323791503906
2016-07-13,65.59208679199219
2016-07-14,65.57401275634766
2016-07-15,64.99032592773438
2016-07-18,64.86996459960938
2016-07-19,65.2791748046875
2016-07-20,66.0373764038086
2016-07-21,65.35140228271484
2016-07-22,65.77262115478516
2016-07-25,65.2972183227539
2016-07-26,65.59208679199219
2016-07-27,65.71244049072266
2016-07-28,65.29117584228516
2016-07-29,65.23104095458984
2016-08-01,64.93016052246094
2016-08-02,64.86996459960938
2016-08-03,65.11065673828125
2016-08-04,65.1407699584961
2016-08-05,65.83277130126953
2016-08-08,67.09647369384766
2016-08-09,67.39739227294922
2016-08-10,67.39739227294922
2016-08-11,67.09647369384766
2016-08-12,66.4947280883789
2016-08-15,66.19384002685547
2016-08-16,66.4947280883789
2016-08-17,65.47772216796875
2016-08-18,66.79559326171875
2016-08-19,66.79559326171875
2016-08-22,66.38038635253906
2016-08-23,66.41648864746094
2016-08-24,66.60905456542969
2016-08-25,67.09647369384766
2016-08-26,67.09647369384766
2016-08-29,67.99913787841797
2016-08-30,68.0532455444336
2016-08-31,68.30001068115234
2016-09-01,67.39739227294922
2016-09-02,67.99913787841797
2016-09-05,67.99913787841797
2016-09-06,67.99312591552734
2016-09-08,67.69825744628906
2016-09-09,67.5718994140625
2016-09-12,68.00513458251953
2016-09-13,67.99913787841797
2016-09-14,67.87879943847656
2016-09-15,67.28904724121094
2016-09-16,67.39739227294922
2016-09-19,68.29399871826172
2016-09-20,68.19770812988281
2016-09-21,68.00513458251953
2016-09-22,68.11946868896484
2016-09-23,68.00513458251953
2016-09-26,67.99913787841797
2016-09-27,68.5948715209961
2016-09-28,68.5948715209961
2016-09-29,68.83558654785156
2016-09-30,68.30001068115234
2016-10-03,68.023193359375
2016-10-04,68.48052978515625
2016-10-05,68.1796646118164
2016-10-06,68.36019134521484
2016-10-07,68.11946868896484
2016-10-10,68.6008529663086
2016-10-11,68.11946868896484
2016-10-13,68.05929565429688
2016-10-14,68.84160614013672
2016-10-17,68.90176391601562
2016-10-18,68.45044708251953
2016-10-19,69.44335174560547
2016-10-20,69.2026596069336
2016-10-21,69.32301330566406
2016-10-24,68.6008529663086
2016-10-25,68.6008529663086
2016-10-26,69.11238098144531
2016-10-27,69.50353240966797
2016-10-28,69.50353240966797
2016-10-31,70.34600067138672
2016-11-01,69.78034973144531
2016-11-03,69.2808609008789
2016-11-04,69.43733978271484
2016-11-07,69.2026596069336
2016-11-08,69.29291534423828
2016-11-09,69.08230590820312
2016-11-10,68.90777587890625
2016-11-11,69.14244842529297
2016-11-14,69.2026596069336
2016-11-16,68.75132751464844
2016-11-17,68.6069107055664
2016-11-18,69.1304702758789
2016-11-21,68.84160614013672
2016-11-22,69.2026596069336
2016-11-23,68.90176391601562
2016-11-24,69.26282501220703
2016-11-25,69.65393829345703
2016-11-28,69.49147033691406
2016-11-29,70.34600067138672
2016-11-30,70.6950454711914
2016-12-01,69.50353240966797
2016-12-02,70.40617370605469
2016-12-05,69.5516586303711
2016-12-06,69.5636978149414
2016-12-07,69.50353240966797
2016-12-08,69.80442810058594
2016-12-09,69.79838562011719
2016-12-12,70.39413452148438
2016-12-13,69.05220794677734
2016-12-14,69.06424713134766
2016-12-15,68.90176391601562
2016-12-16,69.2026596069336
2016-12-19,68.46249389648438
2016-12-20,68.52267456054688
2016-12-21,69.14244842529297
2016-12-22,68.90176391601562
2016-12-23,69.07025146484375
2016-12-26,68.57080841064453
2016-12-27,68.30001068115234
2016-12-28,68.30001068115234
2016-12-29,68.30001068115234
2017-01-02,68.13151550292969
2017-01-03,68.48052978515625
2017-01-04,67.69825744628906
2017-01-05,66.79559326171875
2017-01-06,66.78357696533203
2017-01-09,65.65826416015625
2017-01-10,65.59208679199219
2017-01-11,64.93016052246094
2017-01-12,64.7917251586914
2017-01-13,64.82183074951172
2017-01-16,64.99032592773438
2017-01-17,64.58109283447266
2017-01-18,65.29117584228516
2017-01-19,65.52589416503906
2017-01-20,65.29117584228516
2017-01-23,65.83277130126953
2017-01-24,65.94712829589844
2017-01-26,65.89897918701172
2017-01-27,66.18181610107422
2017-01-30,66.18181610107422
2017-01-31,65.59208679199219
2017-02-01,65.29117584228516
2017-02-02,64.68943786621094
2017-02-03,64.99032592773438
2017-02-06,65.87490844726562
2017-02-07,65.83277130126953
2017-02-08,66.16376495361328
2017-02-09,65.59810638427734
2017-02-10,65.59208679199219
2017-02-13,65.44166564941406
2017-02-14,66.12763977050781
2017-02-15,66.10355377197266
2017-02-16,66.67524719238281
2017-02-17,66.18782806396484
2017-02-20,66.4947280883789
2017-02-21,66.19384002685547
2017-02-22,67.03631591796875
2017-02-23,66.79559326171875
2017-02-24,67.84867858886719
2017-03-01,67.09647369384766
2017-03-02,66.29012298583984
2017-03-03,66.3442611694336
2017-03-06,65.70040893554688
2017-03-07,66.4947280883789
2017-03-08,66.78958129882812
2017-03-09,65.74250793457031
2017-03-10,65.29117584228516
2017-03-13,65.28519439697266
2017-03-14,65.08059692382812
2017-03-15,64.3885498046875
2017-03-16,64.68943786621094
2017-03-17,64.42462921142578
2017-03-20,64.85191345214844
2017-03-21,64.86996459960938
2017-03-22,65.20091247558594
2017-03-23,64.47280883789062
2017-03-24,64.93016052246094
2017-03-27,64.65934753417969
2017-03-28,64.48482513427734
2017-03-29,64.3885498046875
2017-03-30,64.29828643798828
2017-03-31,64.53898620605469
2017-04-03,63.87704086303711
2017-04-04,63.96731948852539
2017-04-05,63.7988395690918
2017-04-06,63.774757385253906
2017-04-07,64.26819610595703
2017-04-10,64.3885498046875
2017-04-11,64.2080307006836
2017-04-12,65.2611083984375
2017-04-13,64.68943786621094
2017-04-17,64.7977523803711
2017-04-18,64.59917449951172
2017-04-19,64.59917449951172
2017-04-20,64.59917449951172
2017-04-24,64.65934753417969
2017-04-25,64.68338775634766
2017-04-26,64.56908416748047
2017-04-27,64.74961853027344
2017-04-28,64.87598419189453
2017-05-02,64.68943786621094
2017-05-03,65.7063980102539
2017-05-04,64.93016052246094
2017-05-05,65.83277130126953
2017-05-08,65.29117584228516
2017-05-09,65.29117584228516
2017-05-10,65.36943817138672
2017-05-11,65.56201934814453
2017-05-12,65.56201934814453
2017-05-15,65.45968627929688
2017-05-16,65.48977661132812
2017-05-17,65.4115219116211
2017-05-18,64.3885498046875
2017-05-19,64.62323760986328
2017-05-22,64.62926483154297
2017-05-23,64.3885498046875
2017-05-24,64.14781951904297
2017-05-25,64.23811340332031
2017-05-26,64.3885498046875
2017-05-29,64.3885498046875
2017-05-30,64.68943786621094
2017-05-31,64.08767700195312
2017-06-01,63.666446685791016
2017-06-02,65.52589416503906
2017-06-05,64.53898620605469
2017-06-06,64.47280883789062
2017-06-07,64.1177749633789
2017-06-08,64.53898620605469
2017-06-09,64.93016052246094
2017-06-12,64.9361801147461
2017-06-13,64.92411804199219
2017-06-14,64.74961853027344
2017-06-15,64.74961853027344
2017-06-16,64.37051391601562
2017-06-19,64.65934753417969
2017-06-20,64.56908416748047
2017-06-21,64.56908416748047
2017-06-22,64.80378723144531
2017-06-23,64.56908416748047
2017-06-26,64.3885498046875
2017-06-27,63.96731948852539
2017-06-28,63.281307220458984
2017-06-29,63.93724060058594
2017-06-30,64.62926483154297
2017-07-03,63.5580940246582
2017-07-04,62.72768020629883
2017-07-05,61.43992614746094
2017-07-06,62.22221374511719
2017-07-07,62.16202926635742
2017-07-10,62.11990737915039
2017-07-11,61.75886154174805
2017-07-12,61.40382766723633
2017-07-13,60.95853805541992
2017-07-14,61.56027603149414
2017-07-17,60.820098876953125
2017-07-18,61.722755432128906
2017-07-19,61.680633544921875
2017-07-20,62.51707077026367
2017-07-21,62.54111862182617
2017-07-24,62.7036018371582
2017-07-25,62.03567886352539
2017-07-26,62.49901580810547
2017-07-27,62.7036018371582
2017-07-28,63.03458786010742
2017-07-31,63.588199615478516
2017-08-01,62.601314544677734
2017-08-02,62.49301528930664
2017-08-03,63.41368103027344
2017-08-04,62.884159088134766
2017-08-07,63.455833435058594
2017-08-08,63.48589324951172
2017-08-09,63.59419631958008
2017-08-10,63.36557388305664
2017-08-11,62.87815475463867
2017-08-14,61.969478607177734
2017-08-15,62.22221374511719
2017-08-16,62.432830810546875
2017-08-17,62.57124710083008
2017-08-18,61.95741653442383
2017-08-21,61.98149490356445
2017-08-22,62.10185241699219
2017-08-23,62.10185241699219
2017-08-24,62.342586517333984
2017-08-25,62.22221374511719
2017-08-28,62.5832633972168
2017-08-29,62.64946365356445
2017-08-30,62.7216682434082
2017-08-31,62.62540817260742
2017-09-01,62.1319465637207
2017-09-04,61.987518310546875
2017-09-05,62.72768020629883
2017-09-06,62.38468551635742
2017-09-07,62.38468551635742
2017-09-08,62.2161750793457
2017-09-11,62.2161750793457
2017-09-12,62.10185241699219
2017-09-13,62.52309036254883
2017-09-14,62.5832633972168
2017-09-15,62.70964813232422
2017-09-18,62.82394790649414
2017-09-19,62.67354202270508
2017-09-20,62.7036018371582
2017-09-21,62.67354202270508
2017-09-22,62.799896240234375
2017-09-25,62.7216682434082
2017-09-26,62.87815475463867
2017-09-27,62.884159088134766
2017-09-28,62.82394790649414
2017-09-29,62.96236038208008
2017-10-02,62.39672088623047
2017-10-03,62.49301528930664
2017-10-04,62.20415115356445
2017-10-05,61.99352264404297
2017-10-06,61.80098342895508
2017-10-09,61.680633544921875
2017-10-10,61.590362548828125
2017-10-11,61.90328598022461
2017-10-12,61.90328598022461
2017-10-13,61.951419830322266
2017-10-16,61.49406051635742
2017-10-17,61.205230712890625
2017-10-18,61.295509338378906
2017-10-19,61.37974548339844
2017-10-20,61.006629943847656
2017-10-23,60.77799606323242
2017-10-24,60.820098876953125
2017-10-25,61.187164306640625
2017-10-26,61.23532485961914
2017-10-27,61.37371826171875
2017-10-30,61.37974548339844
2017-10-31,61.07884216308594
2017-11-01,60.882659912109375
2017-11-02,60.882659912109375
2017-11-03,60.75544738769531
2017-11-06,60.75544738769531
2017-11-07,61.17340087890625
2017-11-08,61.088623046875
2017-11-09,60.76150131225586
2017-11-10,61.034095764160156
2017-11-13,61.185543060302734
2017-11-14,61.36725616455078
2017-11-15,61.36725616455078
2017-11-16,61.48231506347656
2017-11-17,61.78520584106445
2017-11-20,61.78520584106445
2017-11-21,62.20317077636719
2017-11-22,61.48231506347656
2017-11-23,61.633766174316406
2017-11-24,61.79126739501953
2017-11-27,61.2763786315918
2017-11-28,61.3612174987793
2017-11-29,61.59135818481445
2017-11-30,61.79732894897461
2017-12-01,61.795066833496094
2017-12-04,61.923072814941406
2017-12-05,61.868221282958984
2017-12-06,61.947471618652344
2017-12-07,62.04497528076172
2017-12-08,61.916961669921875
2017-12-11,61.569580078125
2017-12-12,61.64881134033203
2017-12-13,62.34971618652344
2017-12-14,62.319236755371094
2017-12-15,62.166866302490234
2017-12-18,62.2582893371582
2017-12-19,61.84993362426758
2017-12-20,61.947471618652344
2017-12-21,61.70975112915039
2017-12-22,61.44767379760742
2017-12-25,61.44767379760742
2017-12-26,62.70928955078125
2017-12-27,62.70928955078125
2017-12-28,62.7519416809082
2017-12-29,62.7519416809082
2018-01-02,62.40456771850586
2018-01-03,62.166866302490234
2018-01-04,62.617855072021484
2018-01-05,62.227813720703125
2018-01-08,62.27655792236328
2018-01-09,62.593505859375
2018-01-10,62.703208923339844
2018-01-11,62.922611236572266
2018-01-12,63.519893646240234
2018-01-15,63.68448257446289
2018-01-16,63.8734130859375
2018-01-17,63.8734130859375
2018-01-18,64.39755249023438
2018-01-19,63.99528503417969
2018-01-22,63.98310470581055
2018-01-23,63.99528503417969
2018-01-24,64.17815399169922
2018-01-25,64.17815399169922
2018-01-26,64.84856414794922
2018-01-29,64.87905883789062
2018-01-30,64.66571044921875
2018-01-31,65.21426391601562
2018-02-01,64.1171875
2018-02-02,63.99528503417969
2018-02-05,64.01356506347656
2018-02-06,64.59259033203125
2018-02-07,64.16596221923828
2018-02-08,64.42195129394531
2018-02-09,64.23908233642578
2018-02-14,64.1171875
2018-02-15,64.01356506347656
2018-02-16,64.1171875
2018-02-19,64.00749206542969
2018-02-20,64.1171875
2018-02-21,64.08063507080078
2018-02-22,64.16596221923828
2018-02-23,64.1537857055664
2018-02-26,64.07453918457031
2018-02-27,64.08672332763672
2018-02-28,64.37928009033203
2018-03-01,64.1171875
2018-03-02,63.38581848144531
2018-03-05,63.17860794067383
2018-03-06,63.36754608154297
2018-03-07,63.99528503417969
2018-03-08,63.66007995605469
2018-03-09,63.86730194091797
2018-03-12,64.4828872680664
2018-03-13,64.39146423339844
2018-03-14,64.2330093383789
2018-03-15,64.14158630371094
2018-03-16,64.18424224853516
2018-03-19,64.22687530517578
2018-03-20,64.3000259399414
2018-03-21,64.29393768310547
2018-03-22,64.29393768310547
2018-03-23,64.3000259399414
2018-03-26,64.23908233642578
2018-03-27,64.31830596923828
2018-03-28,64.29393768310547
2018-03-29,64.39755249023438
2018-04-02,63.90385818481445
2018-04-03,63.83073043823242
2018-04-04,63.940433502197266
2018-04-05,63.99528503417969
2018-04-06,64.50724792480469
2018-04-09,64.45238494873047
2018-04-10,64.2086181640625
2018-04-11,64.42195129394531
2018-04-12,64.2147216796875
2018-04-13,64.0318832397461
2018-04-16,64.10502624511719
2018-04-17,64.10502624511719
2018-04-18,63.90385818481445
2018-04-19,63.90385818481445
2018-04-20,63.897789001464844
2018-04-23,63.8734130859375
2018-04-24,63.842933654785156
2018-04-25,63.75761032104492
2018-04-26,63.9648323059082
2018-04-27,63.842933654785156
2018-04-30,63.90999221801758
2018-05-02,63.31878662109375
2018-05-03,63.69056701660156
2018-05-04,63.50163650512695
2018-05-07,63.62351608276367
2018-05-08,63.99528503417969
2018-05-09,64.3548812866211
2018-05-10,63.891685485839844
2018-05-11,63.8734130859375
2018-05-14,63.9648323059082
2018-05-15,63.81245803833008
2018-05-16,63.593055725097656
2018-05-17,63.8734130859375
2018-05-18,63.81245803833008
2018-05-21,64.17815399169922
2018-05-22,64.0988998413086
2018-05-23,64.24515533447266
2018-05-24,64.17205810546875
2018-05-25,64.41584777832031
2018-05-28,64.23908233642578
2018-05-29,64.60477447509766
2018-05-30,64.6108627319336
2018-06-01,64.60477447509766
2018-06-04,64.7022933959961
2018-06-05,64.72667694091797
2018-06-06,64.61697387695312
2018-06-07,64.60477447509766
2018-06-08,64.6108627319336
2018-06-11,64.72058868408203
2018-06-12,64.63526153564453
2018-06-13,64.63526153564453
2018-06-14,64.60477447509766
2018-06-15,64.60477447509766
2018-06-18,64.54381561279297
2018-06-19,63.849021911621094
2018-06-20,64.08063507080078
2018-06-21,64.1111068725586
2018-06-22,63.66007995605469
2018-06-25,64.0318832397461
2018-06-26,65.1532974243164
2018-06-27,64.95828247070312
2018-06-28,64.60477447509766
2018-06-29,65.21426391601562
2018-07-02,64.60477447509766
2018-07-03,65.14720153808594
2018-07-04,64.9034194946289
2018-07-05,65.17159271240234
2018-07-06,65.21426391601562
2018-07-10,64.6961898803711
2018-07-11,64.92172241210938
2018-07-12,64.9704360961914
2018-07-13,64.67182159423828
2018-07-16,64.75714874267578
2018-07-17,64.6961898803711
2018-07-18,64.96436309814453
2018-07-19,65.03141784667969
2018-07-20,65.1532974243164
2018-07-23,65.00702667236328
2018-07-24,64.72667694091797
2018-07-25,64.84856414794922
2018-07-26,64.6108627319336
2018-07-27,64.78761291503906
2018-07-30,64.66571044921875
2018-07-31,64.65961456298828
2018-08-01,64.3000259399414
2018-08-02,64.0684585571289
2018-08-03,63.99528503417969
2018-08-06,63.99528503417969
2018-08-07,63.98921585083008
2018-08-08,64.3000259399414
2018-08-09,64.2330093383789
2018-08-10,64.23908233642578
2018-08-13,64.3731460571289
2018-08-14,64.46459197998047
2018-08-15,64.42195129394531
2018-08-16,64.42195129394531
2018-08-17,64.59868621826172
2018-08-20,64.56214141845703
2018-08-21,64.78150177001953
2018-08-22,64.77545928955078
2018-08-23,64.58650207519531
2018-08-24,64.60477447509766
2018-08-27,64.60477447509766
2018-08-28,64.84856414794922
2018-08-29,65.17768859863281
2018-08-30,65.12284088134766
2018-08-31,65.09233856201172
2018-09-03,64.75104522705078
2018-09-04,64.42195129394531
2018-09-05,64.23908233642578
2018-09-06,64.60477447509766
2018-09-10,64.793701171875
2018-09-11,64.60477447509766
2018-09-12,65.03141784667969
2018-09-13,64.81807708740234
2018-09-14,64.59259033203125
2018-09-17,64.61697387695312
2018-09-18,64.47069549560547
2018-09-19,64.59868621826172
2018-09-20,64.59868621826172
2018-09-21,64.59259033203125
2018-09-24,64.51337432861328
2018-09-25,64.8729476928711
2018-09-26,64.55602264404297
2018-09-27,64.60477447509766
2018-09-28,64.56214141845703
2018-10-01,63.940433502197266
2018-10-02,63.446773529052734
2018-10-03,63.37971496582031
2018-10-04,63.56256866455078
2018-10-05,64.45238494873047
2018-10-08,64.3000259399414
2018-10-09,64.3000259399414
2018-10-10,64.19033813476562
2018-10-11,64.26956939697266
2018-10-15,64.2147216796875
2018-10-16,63.97093200683594
2018-10-17,63.95872116088867
2018-10-18,63.94654083251953
2018-10-19,64.08063507080078
2018-10-22,64.39146423339844
2018-10-23,64.47679901123047
2018-10-24,64.6535415649414
2018-10-25,64.6535415649414
2018-10-26,64.60477447509766
2018-10-29,64.81807708740234
2018-10-30,64.805908203125
2018-10-31,64.69010925292969
2018-11-01,64.30612182617188
2018-11-05,64.39146423339844
2018-11-06,63.763702392578125
2018-11-07,64.1171875
2018-11-08,63.99528503417969
2018-11-09,64.1111068725586
2018-11-12,63.98921585083008
2018-11-13,64.3000259399414
2018-11-14,64.40363311767578
2018-11-16,64.2086181640625
2018-11-19,64.34879302978516
2018-11-21,64.45238494873047
2018-11-22,64.72667694091797
2018-11-23,64.59868621826172
2018-11-26,64.40363311767578
2018-11-27,64.53773498535156
2018-11-28,64.65961456298828
2018-11-29,64.84856414794922
2018-11-30,64.82420349121094
2018-12-03,64.1111068725586
2018-12-04,63.977020263671875
2018-12-05,64.14767456054688
2018-12-06,64.14158630371094
2018-12-07,64.2147216796875
2018-12-10,64.02576446533203
2018-12-11,64.02576446533203
2018-12-12,64.17815399169922
2018-12-13,64.1111068725586
2018-12-14,64.0684585571289
2018-12-17,64.05625915527344
2018-12-18,64.05625915527344
2018-12-19,63.897789001464844
2018-12-20,64.06232452392578
2018-12-21,64.27564239501953
2018-12-26,64.42195129394531
2018-12-27,64.56819915771484
2018-12-28,64.59259033203125
2019-01-02,64.09281158447266
2019-01-03,64.08672332763672
2019-01-04,63.99528503417969
2019-01-07,64.1111068725586
2019-01-08,64.3000259399414
2019-01-09,64.0501480102539
2019-01-10,64.12939453125
2019-01-11,64.1171875
2019-01-14,64.26956939697266
2019-01-15,64.123291015625
2019-01-16,64.24515533447266
2019-01-17,64.123291015625
2019-01-18,64.3000259399414
2019-01-21,64.15985870361328
2019-01-22,64.26956939697266
2019-01-23,64.13549041748047
2019-01-24,64.2086181640625
2019-01-28,64.3000259399414
2019-01-29,64.51944732666016
2019-01-30,64.59868621826172
2019-01-31,64.42195129394531
2019-02-01,64.08672332763672
2019-02-04,64.10502624511719
2019-02-05,63.94654083251953
2019-02-06,63.922142028808594
2019-02-07,63.721031188964844
2019-02-08,63.69056701660156
2019-02-11,63.922142028808594
2019-02-12,63.70273971557617
2019-02-13,63.69056701660156
2019-02-14,63.83073043823242
2019-02-15,63.99528503417969
2019-02-18,63.93436050415039
2019-02-19,63.922142028808594
2019-02-20,63.8734130859375
2019-02-21,63.99528503417969
2019-02-22,63.891685485839844
2019-02-25,63.81245803833008
2019-02-26,63.842933654785156
2019-02-27,63.81245803833008
2019-02-28,63.87948989868164
2019-03-01,63.48334503173828
2019-03-06,63.56866455078125
2019-03-07,63.70273971557617
2019-03-08,63.69056701660156
2019-03-11,63.940433502197266
2019-03-12,63.72713088989258
2019-03-13,63.64787673950195
2019-03-14,63.940433502197266
2019-03-15,63.80635452270508
2019-03-18,63.763702392578125
2019-03-19,63.855106353759766
2019-03-20,63.97093200683594
2019-03-21,64.23908233642578
2019-03-22,63.99528503417969
2019-03-25,64.08672332763672
2019-03-26,64.0318832397461
2019-03-27,63.94654083251953
2019-03-28,64.0684585571289
2019-03-29,64.0440673828125
2019-04-01,63.855106353759766
2019-04-02,63.8734130859375
2019-04-03,63.74540710449219
2019-04-04,63.7758903503418
2019-04-05,63.769775390625
2019-04-08,63.50769805908203
2019-04-09,63.08108139038086
2019-04-10,62.85556411743164
2019-04-11,63.58084487915039
2019-04-12,63.68448257446289
2019-04-15,63.373634338378906
2019-04-16,63.34313201904297
2019-04-17,63.42236328125
2019-04-18,63.56866455078125
2019-04-22,63.41020202636719
2019-04-23,63.30659484863281
2019-04-24,63.586944580078125
2019-04-25,63.446773529052734
2019-04-26,63.48942565917969
2019-04-29,63.75151443481445
2019-04-30,63.81245803833008
2019-05-02,63.294410705566406
2019-05-03,63.30049514770508
2019-05-06,63.14204788208008
2019-05-07,63.2578239440918
2019-05-08,63.32487869262695
2019-05-09,63.47725296020508
2019-05-10,63.38581848144531
2019-05-13,63.294410705566406
2019-05-14,63.36754608154297
2019-05-15,63.251747131347656
2019-05-16,63.160316467285156
2019-05-17,63.45286178588867
2019-05-20,63.714942932128906
2019-05-21,63.69056701660156
2019-05-22,63.83073043823242
2019-05-23,63.75151443481445
2019-05-24,63.8734130859375
2019-05-27,63.48942565917969
2019-05-28,63.56866455078125
2019-05-29,63.8734130859375
2019-05-30,63.99528503417969
2019-05-31,63.93436050415039
2019-06-03,63.61743927001953
2019-06-04,63.45286178588867
2019-06-05,63.519893646240234
2019-06-06,63.5260124206543
2019-06-07,63.93436050415039
2019-06-10,63.53209686279297
2019-06-11,63.69056701660156
2019-06-12,63.81245803833008
2019-06-13,63.842933654785156
2019-06-14,63.69056701660156
2019-06-17,63.62959671020508
2019-06-18,63.61134338378906
2019-06-19,63.86730194091797
2019-06-21,63.99528503417969
2019-06-24,63.98921585083008
2019-06-25,63.635711669921875
2019-06-26,63.8734130859375
2019-06-27,63.93436050415039
2019-06-28,64.08672332763672
2019-07-01,63.72713088989258
2019-07-02,63.64179992675781
2019-07-03,63.53209686279297
2019-07-04,62.77633285522461
2019-07-05,62.916526794433594
2019-07-08,63.31270980834961
2019-07-10,63.53819274902344
2019-07-11,63.31270980834961
2019-07-12,63.19688034057617
2019-07-15,63.47111892700195
2019-07-16,63.47725296020508
2019-07-17,63.37971496582031
2019-07-18,63.38581848144531
2019-07-19,63.32487869262695
2019-07-22,63.14204788208008
2019-07-23,63.42850112915039
2019-07-24,63.55647659301758
2019-07-25,63.50163650512695
2019-07-26,63.47725296020508
2019-07-29,63.57475662231445
2019-07-30,63.38581848144531
2019-07-31,63.56256866455078
2019-08-01,63.08108139038086
2019-08-02,63.13592529296875
2019-08-05,62.82508850097656
2019-08-06,62.77633285522461
2019-08-07,62.922611236572266
2019-08-08,62.89822769165039
2019-08-09,63.20905685424805
2019-08-12,63.12373352050781
2019-08-13,63.26390838623047
2019-08-14,63.32487869262695
2019-08-15,63.32487869262695
2019-08-16,63.36754608154297
2019-08-19,63.34313201904297
2019-08-20,63.38581848144531
2019-08-21,63.48942565917969
2019-08-22,63.69056701660156
2019-08-23,63.99528503417969
2019-08-26,63.8734130859375
2019-08-27,63.8734130859375
2019-08-28,64.12939453125
2019-08-29,64.23908233642578
2019-08-30,64.5316390991211
2019-09-02,63.99528503417969
2019-09-03,63.72713088989258
2019-09-04,64.02576446533203
2019-09-05,63.90385818481445
2019-09-06,63.88559341430664
2019-09-09,63.98310470581055
2019-09-10,63.90385818481445
2019-09-11,63.73932647705078
2019-09-12,63.93436050415039
2019-09-13,63.9648323059082
2019-09-16,63.99528503417969
2019-09-17,64.0379638671875
2019-09-18,63.87948989868164
2019-09-19,63.653995513916016
2019-09-20,63.922142028808594
2019-09-23,63.78805923461914
2019-09-24,63.855106353759766
2019-09-25,63.62959671020508
2019-09-26,63.87948989868164
2019-09-27,63.90385818481445
2019-09-30,63.922142028808594
2019-10-01,63.47725296020508
2019-10-02,63.22127914428711
2019-10-03,63.202972412109375
2019-10-04,63.17860794067383
2019-10-07,62.50206756591797
2019-10-08,62.70928955078125
2019-10-09,62.47769546508789
2019-10-10,62.64225769042969
2019-10-11,62.88605880737305
2019-10-14,62.77633285522461
2019-10-15,62.89213943481445
2019-10-16,62.806827545166016
2019-10-17,62.319236755371094
2019-10-18,62.55693054199219
2019-10-21,62.62397384643555
2019-10-22,62.770259857177734
2019-10-23,62.5813102722168
2019-10-24,62.44111251831055
2019-10-25,62.703208923339844
2019-10-28,62.36188888549805
2019-10-29,62.37410354614258
2019-10-30,62.88605880737305
2019-10-31,63.653995513916016
2019-11-01,62.71538162231445
2019-11-04,62.47769546508789
2019-11-05,62.532527923583984
2019-11-06,62.36188888549805
2019-11-07,62.526451110839844
2019-11-08,62.60569763183594
2019-11-11,62.66054153442383
2019-11-12,62.41674041748047
2019-11-13,62.550846099853516
2019-11-14,62.532527923583984
2019-11-18,62.53865051269531
2019-11-19,62.934810638427734
2019-11-21,63.08108139038086
2019-11-22,63.202972412109375
2019-11-25,63.202972412109375
2019-11-26,63.53819274902344
2019-11-27,63.11764907836914
2019-11-28,63.56866455078125
2019-11-29,63.44065856933594
2019-12-02,63.08108139038086
2019-12-03,63.32487869262695
2019-12-04,63.08108139038086
2019-12-05,63.09328842163086
2019-12-06,63.23955535888672
2019-12-09,63.0018424987793
2019-12-10,63.03841018676758
2019-12-11,62.95918655395508
2019-12-12,63.13592529296875
2019-12-13,63.08108139038086
2019-12-16,63.14204788208008
2019-12-17,63.202972412109375
2019-12-18,63.14204788208008
2019-12-19,63.202972412109375
2019-12-20,63.16640853881836
2019-12-23,63.330963134765625
2019-12-26,63.47111892700195
2019-12-27,63.75151443481445
2019-12-30,64.45238494873047
2020-01-02,64.60477447509766
2020-01-03,64.9095230102539
2020-01-06,65.11064147949219
2020-01-07,65.20207977294922
2020-01-08,65.70185089111328
2020-01-09,65.43367767333984
2020-01-10,65.39710235595703
2020-01-13,65.21426391601562
2020-01-14,65.24474334716797
2020-01-15,64.92172241210938
2020-01-16,65.12891387939453
2020-01-17,65.1532974243164
2020-01-20,65.21426391601562
2020-01-21,65.02529907226562
2020-01-22,64.94000244140625
2020-01-23,64.9095230102539
2020-01-24,64.9704360961914
2020-01-27,63.99528503417969
2020-01-28,64.13549041748047
2020-01-29,63.849021911621094
2020-01-30,63.78805923461914
2020-01-31,63.769775390625
2020-02-03,63.26390838623047
2020-02-04,63.37971496582031
2020-02-05,62.65445327758789
2020-02-06,62.71538162231445
2020-02-07,62.78243637084961
2020-02-10,62.636146545410156
2020-02-11,62.7519416809082
2020-02-12,62.58740997314453
2020-02-13,62.53865051269531
2020-02-14,62.78243637084961
2020-02-17,63.0140266418457
2020-02-18,62.617855072021484
2020-02-19,62.71538162231445
2020-02-20,62.77633285522461
2020-02-21,62.940914154052734
2020-02-26,62.77633285522461
2020-02-27,62.843379974365234
2020-02-28,63.26390838623047
2020-03-02,63.49551010131836
2020-03-03,63.38581848144531
2020-03-04,63.38581848144531
2020-03-05,63.41628646850586
2020-03-06,62.77633285522461
2020-03-09,62.28878402709961
2020-03-10,62.166866302490234
2020-03-11,61.880401611328125
2020-03-12,61.34407043457031
2020-03-13,60.33843231201172
2020-03-16,57.2910270690918
2020-03-17,55.553985595703125
2020-03-18,49.392173767089844
2020-03-19,49.002113342285156
2020-03-20,52.1104621887207
2020-03-23,52.39692306518555
2020-03-24,52.38473129272461
2020-03-25,53.32941818237305
2020-03-26,54.3045654296875
2020-03-27,54.60322189331055
2020-03-30,54.81044387817383
2020-03-31,54.8348274230957
2020-04-01,54.853111267089844
2020-04-02,54.57886505126953
2020-04-03,54.15830993652344
2020-04-06,54.57276916503906
2020-04-07,54.53619384765625
2020-04-08,54.65199279785156
2020-04-09,55.61496353149414
2020-04-13,55.541812896728516
2020-04-14,56.07206726074219
2020-04-15,56.22444534301758
2020-04-16,56.37678146362305
2020-04-17,57.108184814453125
2020-04-20,57.132572174072266
2020-04-22,57.1386833190918
2020-04-23,57.90049743652344
2020-04-24,55.12738037109375
2020-04-27,57.04723358154297
2020-04-28,57.88832473754883
2020-04-29,57.73595428466797
2020-04-30,58.23570251464844
2020-05-04,58.20524597167969
2020-05-05,56.49871063232422
2020-05-06,56.65716552734375
2020-05-07,55.974552154541016
2020-05-08,55.88923263549805
2020-05-11,56.8521842956543
2020-05-12,56.07206726074219
2020-05-13,55.46260452270508
2020-05-14,55.401634216308594
2020-05-15,56.15739822387695
2020-05-18,55.956275939941406
2020-05-19,56.20008087158203
2020-05-20,56.18789291381836
2020-05-21,55.83435821533203
2020-05-22,55.88923263549805
2020-05-25,55.50525665283203
2020-05-26,56.023311614990234
2020-05-27,56.07206726074219
2020-05-28,56.55964279174805
2020-05-29,56.49871063232422
2020-06-01,56.45603561401367
2020-06-02,56.37678146362305
2020-06-03,56.37678146362305
2020-06-04,56.4316520690918
2020-06-05,56.37070846557617
2020-06-08,56.395084381103516
2020-06-09,57.18132019042969
2020-06-10,56.73031234741211
2020-06-12,56.681549072265625
2020-06-15,56.986305236816406
2020-06-16,56.91315460205078
2020-06-17,56.041587829589844
2020-06-18,56.041587829589844
2020-06-19,57.23007583618164
2020-06-22,56.791259765625
2020-06-23,56.86439514160156
2020-06-24,56.4499397277832
2020-06-25,56.62061309814453
2020-06-26,56.590118408203125
2020-06-29,56.62061309814453
2020-06-30,56.315853118896484
2020-07-01,56.17570495605469
2020-07-02,55.48087692260742
2020-07-03,55.22491455078125
2020-07-06,54.712928771972656
2020-07-07,53.83527755737305
2020-07-08,53.83527755737305
2020-07-09,53.74997329711914
2020-07-10,53.682918548583984
2020-07-13,54.054683685302734
2020-07-14,53.628074645996094
2020-07-15,53.45130920410156
2020-07-16,53.15875244140625
2020-07-17,53.09780502319336
2020-07-20,53.1343994140625
2020-07-21,52.963741302490234
2020-07-22,52.201881408691406
2020-07-23,52.14094924926758
2020-07-24,52.64681625366211
2020-07-27,52.0982666015625
2020-07-28,51.866668701171875
2020-07-29,52.591941833496094
2020-07-30,53.6341667175293
2020-07-31,53.652435302734375
2020-08-03,53.725582122802734
2020-08-04,53.93887710571289
2020-08-05,54.10954666137695
2020-08-06,54.243648529052734
2020-08-07,53.999839782714844
2020-08-10,53.91450881958008
2020-08-11,53.26849365234375
2020-08-12,53.39036560058594
2020-08-13,54.103450775146484
2020-08-14,54.530086517333984
2020-08-17,54.005943298339844
2020-08-18,53.87794876098633
2020-08-19,53.810909271240234
2020-08-20,54.1278190612793
2020-08-21,54.243648529052734
2020-08-24,54.27412033081055
2020-08-25,54.609317779541016
2020-08-26,54.706844329833984
2020-08-27,54.4874153137207
2020-08-28,54.28631591796875
2020-08-31,54.408199310302734
2020-09-01,54.01810836791992
2020-09-02,54.10954666137695
2020-09-03,54.243648529052734
2020-09-04,54.243648529052734
2020-09-08,53.93887710571289
2020-09-09,54.2497444152832
2020-09-10,54.255828857421875
2020-09-11,55.1578369140625
2020-09-14,54.975006103515625
2020-09-15,54.73731231689453
2020-09-16,54.377723693847656
2020-09-17,54.255828857421875
2020-09-18,53.957191467285156
2020-09-21,54.23753356933594
2020-09-22,53.64635467529297
2020-09-23,54.54838180541992
2020-09-24,54.58494567871094
2020-09-25,54.96281051635742
2020-09-28,54.926246643066406
2020-09-29,55.109092712402344
2020-09-30,55.005496978759766
2020-10-01,55.03596115112305
2020-10-02,54.84703063964844
2020-10-05,54.883583068847656
2020-10-06,54.61542892456055
2020-10-07,55.04814529418945
2020-10-08,54.94453048706055
2020-10-09,55.523536682128906
2020-10-13,55.828285217285156
2020-10-14,55.53573226928711
2020-10-15,56.06598663330078
2020-10-16,56.24272918701172
2020-10-19,56.25492858886719
2020-10-20,56.40727996826172
2020-10-21,57.1386833190918
2020-10-22,57.2910270690918
2020-10-23,56.821712493896484
2020-10-26,56.961891174316406
2020-10-27,55.9379768371582
2020-10-28,56.37678146362305
2020-10-29,56.139122009277344
2020-10-30,56.041587829589844
2020-11-03,55.054237365722656
2020-11-04,55.7612419128418
2020-11-05,55.7612419128418
2020-11-06,55.1578369140625
2020-11-09,54.792171478271484
2020-11-10,54.67635726928711
2020-11-11,55.03596115112305
2020-11-12,55.5783805847168
2020-11-13,55.767337799072266
2020-11-16,55.46260452270508
2020-11-17,55.07251739501953
2020-11-18,54.81655502319336
2020-11-19,53.743865966796875
2020-11-23,54.243648529052734
2020-11-24,54.511802673339844
2020-11-25,54.09736633300781
2020-11-26,54.14003372192383
2020-11-27,54.20707702636719
2020-11-30,54.0608024597168
2020-12-01,53.719486236572266
2020-12-02,52.902793884277344
2020-12-03,53.024681091308594
2020-12-04,53.20143127441406
2020-12-07,52.963741302490234
2020-12-08,52.945438385009766
2020-12-09,53.41474914550781
2020-12-10,52.71993637084961
2020-12-11,52.506614685058594
2020-12-14,52.482269287109375
2020-12-15,52.671173095703125
2020-12-16,52.74430847167969
2020-12-17,52.598045349121094
2020-12-18,52.53709411621094
2020-12-21,52.29938507080078
2020-12-22,52.1104621887207
2020-12-23,52.390811920166016
2020-12-28,52.366451263427734
2020-12-29,52.598045349121094
2020-12-30,53.05514144897461
2021-01-04,53.26849365234375
2021-01-05,53.26849365234375
2021-01-06,53.78042221069336
2021-01-07,53.810909271240234
2021-01-08,54.02423095703125
2021-01-11,53.957191467285156
2021-01-12,53.585384368896484
2021-01-13,53.45740509033203
2021-01-14,53.60369110107422
2021-01-15,53.45130920410156
2021-01-18,53.36598205566406
2021-01-19,53.57931137084961
2021-01-20,54.054683685302734
2021-01-21,54.11564636230469
2021-01-22,54.18268966674805
2021-01-26,53.50006866455078
2021-01-27,53.46350860595703
2021-01-28,54.0608024597168
2021-01-29,54.1339225769043
2021-02-01,54.02423095703125
2021-02-02,53.87794876098633
2021-02-03,53.81700897216797
2021-02-04,53.804805755615234
2021-02-05,53.9693603515625
2021-02-08,53.67684555053711
2021-02-09,53.75605010986328
2021-02-10,53.91450881958008
2021-02-11,53.951080322265625
2021-02-12,53.90842819213867
2021-02-17,53.74997329711914
2021-02-18,53.52444839477539
2021-02-19,53.6341667175293
2021-02-22,53.378173828125
2021-02-23,53.999839782714844
2021-02-24,54.7251091003418
2021-02-25,55.06642532348633
2021-02-26,54.4935188293457
2021-03-01,54.63980484008789
2021-03-02,54.82262420654297
2021-03-03,55.03596115112305
2021-03-04,54.706844329833984
2021-03-05,54.987213134765625
2021-03-08,54.91407012939453
2021-03-09,55.20051193237305
2021-03-10,55.12738037109375
2021-03-11,55.46260452270508
2021-03-12,55.82217788696289
2021-03-15,55.86485290527344
2021-03-16,55.74905776977539
2021-03-17,55.956275939941406
2021-03-18,56.3463249206543
2021-03-19,56.93144607543945
2021-03-22,56.91924285888672
2021-03-23,57.351993560791016
2021-03-24,57.72374725341797
2021-03-25,57.57139205932617
2021-03-26,57.358070373535156
2021-03-29,56.687660217285156
2021-03-30,57.37635040283203
2021-03-31,56.99848556518555
2021-04-01,56.687660217285156
2021-04-05,56.85829544067383
2021-04-06,56.803436279296875
2021-04-07,56.687660217285156
2021-04-08,56.37678146362305
2021-04-09,57.23007583618164
2021-04-12,56.84001541137695
2021-04-13,56.86439514160156
2021-04-14,56.86439514160156
2021-04-15,56.681549072265625
2021-04-16,56.925331115722656
2021-04-19,56.742496490478516
2021-04-20,56.961891174316406
2021-04-22,57.23007583618164
2021-04-23,57.09601593017578
2021-04-26,56.70594024658203
2021-04-27,56.986305236816406
2021-04-28,56.99848556518555
2021-04-29,57.59577178955078
2021-04-30,57.5592155456543
2021-05-03,57.86393356323242
2021-05-04,56.78517532348633
2021-05-05,57.16304016113281
2021-05-06,57.16914367675781
2021-05-07,56.70594024658203
2021-05-10,56.84611511230469
2021-05-11,56.8521842956543
2021-05-12,56.681549072265625
2021-05-13,56.75468444824219
2021-05-14,56.626708984375
2021-05-17,56.49871063232422
2021-05-18,56.041587829589844
2021-05-19,55.46260452270508
2021-05-20,56.07206726074219
2021-05-21,55.82217788696289
2021-05-24,55.48087692260742
2021-05-25,55.46260452270508
2021-05-26,54.9201545715332
2021-05-27,55.38945770263672
2021-05-28,55.87093734741211
2021-05-31,55.47477722167969
2021-06-01,56.05379104614258
2021-06-02,56.023311614990234
2021-06-04,55.401634216308594
2021-06-07,55.3346061706543
2021-06-08,55.279754638671875
2021-06-09,55.74905776977539
2021-06-10,55.4930534362793
2021-06-11,55.401634216308594
2021-06-14,55.4138298034668
2021-06-15,55.596683502197266
2021-06-16,55.52961730957031
2021-06-17,55.50525665283203
2021-06-18,54.96281051635742
2021-06-21,55.34070587158203
2021-06-22,55.090816497802734
2021-06-23,55.7612419128418
2021-06-24,55.46260452270508
2021-06-25,54.4874153137207
2021-06-28,54.121742248535156
2021-06-29,54.95063781738281
2021-06-30,54.853111267089844
2021-07-01,54.01810836791992
2021-07-02,53.48177719116211
2021-07-05,53.341617584228516
2021-07-06,53.26849365234375
2021-07-07,53.21361541748047
2021-07-08,52.945438385009766
2021-07-12,54.57886505126953
2021-07-13,54.96281051635742
2021-07-14,55.34070587158203
2021-07-15,55.06642532348633
2021-07-16,55.12738037109375
2021-07-19,55.401634216308594
2021-07-20,55.572288513183594
2021-07-21,55.6759033203125
2021-07-22,56.041587829589844
2021-07-23,56.28539276123047
2021-07-26,56.37678146362305
2021-07-27,56.803436279296875
2021-07-28,56.55964279174805
2021-07-29,56.419464111328125
2021-07-30,56.77906036376953
2021-08-02,56.5291748046875
2021-08-03,56.5291748046875
2021-08-04,56.07815933227539
2021-08-05,56.55964279174805
2021-08-06,56.33415985107422
2021-08-09,56.28539276123047
2021-08-10,56.37678146362305
2021-08-11,56.681549072265625
2021-08-12,55.797821044921875
2021-08-13,55.90141677856445
2021-08-16,55.767337799072266
2021-08-17,55.803897857666016
2021-08-18,55.785621643066406
2021-08-19,55.53573226928711
2021-08-20,55.767337799072266
2021-08-23,56.675445556640625
2021-08-24,56.681549072265625
2021-08-25,56.4377555847168
2021-08-26,56.894874572753906
2021-08-27,56.86439514160156
2021-08-30,57.16914367675781
2021-08-31,57.88832473754883
2021-09-01,58.50998306274414
2021-09-02,58.503902435302734
2021-09-03,56.986305236816406
2021-09-06,57.705474853515625
2021-09-08,57.55310821533203
2021-09-09,57.62623977661133
2021-09-10,57.47386932373047
2021-09-13,57.90049743652344
2021-09-14,58.02241516113281
2021-09-15,57.991939544677734
2021-09-16,58.60141372680664
2021-09-17,59.0890007019043
2021-09-20,58.217437744140625
2021-09-21,58.20524597167969
2021-09-22,58.570945739746094
2021-09-23,58.63797378540039
2021-09-24,58.96708297729492
2021-09-27,59.424224853515625
2021-09-28,58.72941207885742
2021-09-29,58.74767303466797
2021-09-30,59.2779426574707
2021-10-01,59.485164642333984
2021-10-04,58.32714080810547
2021-10-05,58.99757766723633
2021-10-06,59.96665954589844
2021-10-07,59.789894104003906
2021-10-08,59.485164642333984
2021-10-11,59.22309494018555
2021-10-13,59.23529052734375
2021-10-14,59.314483642578125
2021-10-15,59.50345230102539
2021-10-18,59.741146087646484
2021-10-19,59.85084915161133
2021-10-20,58.93052673339844
2021-10-21,59.05853271484375
2021-10-22,59.11335372924805
2021-10-25,59.12556076049805
2021-10-26,59.296207427978516
2021-10-27,58.96708297729492
2021-10-28,58.08945083618164
2021-10-29,59.363250732421875
2021-11-01,59.54608917236328
2021-11-03,59.32668685913086
2021-11-04,59.13774871826172
2021-11-05,59.174320220947266
2021-11-08,59.241363525390625
2021-11-09,58.99757766723633
2021-11-10,59.728939056396484
2021-11-11,59.60706329345703
2021-11-12,59.72285461425781
2021-11-16,59.875221252441406
2021-11-17,59.229164123535156
2021-11-18,59.54608917236328
2021-11-19,59.625335693359375
2021-11-22,59.63751983642578
2021-11-23,59.424224853515625
2021-11-24,59.728939056396484
2021-11-25,60.14339065551758
2021-11-26,60.21653366088867
2021-11-29,60.06416320800781
2021-11-30,60.17388153076172
2021-12-01,59.93616485595703
2021-12-02,60.076351165771484
2021-12-03,60.16775894165039
2021-12-06,60.64316177368164
2021-12-07,60.76506423950195
2021-12-08,60.94789123535156
2021-12-09,60.92351531982422
2021-12-10,61.00885009765625
2021-12-13,60.98447799682617
2021-12-14,61.17341995239258
2021-12-15,61.36237335205078
2021-12-16,61.97182083129883
2021-12-17,62.08154296875
2021-12-20,61.618343353271484
2021-12-21,61.191688537597656
2021-12-22,60.80161666870117
2021-12-23,61.618343353271484
2021-12-27,61.34407043457031
2021-12-28,61.64881134033203
2021-12-29,61.807273864746094
2021-12-30,62.136383056640625
2022-01-03,62.47161102294922
2022-01-04,61.904781341552734
2022-01-05,61.74024963378906
2022-01-06,61.654884338378906
2022-01-07,61.58784103393555
2022-01-10,61.58784103393555
2022-01-11,61.795066833496094
2022-01-12,62.197322845458984
2022-01-13,62.166866302490234
2022-01-14,62.026702880859375
2022-01-17,61.916961669921875
2022-01-18,62.17295837402344
2022-01-19,61.95353698730469
2022-01-20,62.166866302490234
2022-01-21,62.398475646972656
2022-01-24,62.197322845458984
2022-01-25,61.54521560668945
2022-01-26,61.1307373046875
2022-01-27,61.08810806274414
2022-01-28,60.886966705322266
2022-01-31,62.06326675415039
2022-02-01,61.490352630615234
2022-02-02,61.1307373046875
2022-02-03,60.86259078979492
2022-02-04,60.94789123535156
2022-02-07,60.673641204833984
2022-02-08,60.76506423950195
2022-02-09,60.94789123535156
2022-02-10,61.08197021484375
2022-02-11,61.124656677246094
2022-02-14,61.01494598388672
2022-02-15,60.89303970336914
2022-02-16,60.73457717895508
2022-02-17,60.64316177368164
2022-02-18,60.94789123535156
2022-02-21,60.874755859375
2022-02-22,60.65536117553711
2022-02-23,60.374996185302734
2022-02-24,61.00885009765625
2022-02-25,60.94181823730469
2022-03-02,60.4603271484375
2022-03-03,60.55782699584961
2022-03-04,60.71630859375
2022-03-07,60.73457717895508
2022-03-08,60.91743469238281
2022-03-09,61.26484298706055
2022-03-10,61.08197021484375
2022-03-11,60.61267852783203
2022-03-14,60.33234786987305
2022-03-15,60.94181823730469
2022-03-16,60.76506423950195
2022-03-17,60.74067687988281
2022-03-18,60.94789123535156
2022-03-21,61.20998764038086
2022-03-22,61.00885009765625
2022-03-23,61.40501403808594
2022-03-24,61.08197021484375
2022-03-25,61.703636169433594
2022-03-28,61.93524932861328
2022-03-29,62.28878402709961
2022-03-30,61.67926788330078
2022-03-31,61.7463264465332
2022-04-01,61.859676361083984
2022-04-04,62.47520446777344
2022-04-05,62.50596237182617
2022-04-06,62.413658142089844
2022-04-07,62.32133865356445
2022-04-08,62.807559967041016
2022-04-11,62.22283172607422
2022-04-12,62.770633697509766
2022-04-13,62.78293228149414
2022-04-14,62.93683624267578
2022-04-18,62.96762466430664
2022-04-19,62.2597770690918
2022-04-20,62.2597770690918
2022-04-22,62.598304748535156
2022-04-25,62.78293228149414
2022-04-26,62.690616607666016
2022-04-27,62.78293228149414
2022-04-28,62.776798248291016
2022-04-29,62.770633697509766
2022-05-02,62.444000244140625
2022-05-03,62.33835983276367
2022-05-04,62.617977142333984
2022-05-05,62.76091766357422
2022-05-06,62.77956008911133
2022-05-09,62.854122161865234
2022-05-10,62.73605728149414
2022-05-11,62.45022964477539
2022-05-12,62.58070373535156
2022-05-13,62.57450866699219
2022-05-16,62.282447814941406
2022-05-17,62.51233673095703
2022-05-18,62.70499038696289
2022-05-19,63.071617126464844
2022-05-20,62.79197311401367
2022-05-23,63.02190017700195
2022-05-24,62.748504638671875
2022-05-25,62.87898635864258
2022-05-26,62.93490982055664
2022-05-27,63.10269546508789
2022-05-30,63.06538772583008
2022-05-31,63.6929931640625
2022-06-01,63.393898010253906
2022-06-02,63.16783142089844
2022-06-03,63.29342269897461
2022-06-06,63.11131286621094
2022-06-07,63.149017333984375
2022-06-08,63.80207443237305
2022-06-09,63.80207443237305
2022-06-10,63.80207443237305
2022-06-13,63.72674560546875
2022-06-14,63.23691177368164
2022-06-15,63.48180389404297
2022-06-17,63.362510681152344
2022-06-20,63.64509582519531
2022-06-21,63.613712310791016
2022-06-22,63.676475524902344
2022-06-23,63.613712310791016
2022-06-24,63.550880432128906
2022-06-27,63.47553634643555
2022-06-28,63.84601974487305
2022-06-29,63.959083557128906
2022-06-30,64.02814483642578
2022-07-01,63.70068359375
2022-07-04,63.891014099121094
2022-07-05,64.04329681396484
2022-07-06,63.954471588134766
2022-07-07,64.3097915649414
2022-07-08,64.26535034179688
2022-07-11,64.239990234375
2022-07-12,64.33515930175781
2022-07-13,64.43031311035156
2022-07-14,64.39857482910156
2022-07-15,64.34783172607422
2022-07-18,64.58260345458984
2022-07-19,64.57624816894531
2022-07-20,64.71585083007812
2022-07-21,64.68411254882812
2022-07-22,64.61431121826172
2022-07-25,64.71585083007812
2022-07-26,64.72219848632812
2022-07-27,64.88715362548828
2022-07-28,65.02671813964844
2022-07-29,65.00768280029297
2022-08-01,64.85638427734375
2022-08-02,64.81153106689453
2022-08-03,64.62564086914062
2022-08-04,65.2153091430664
2022-08-05,64.90766143798828
2022-08-08,65.2409439086914
2022-08-09,65.16403198242188
2022-08-10,64.86917877197266
2022-08-11,64.72818756103516
2022-08-12,64.76665496826172
2022-08-15,65.04225158691406
2022-08-16,65.32425689697266
2022-08-17,65.1447982788086
2022-08-18,65.34989166259766
2022-08-19,65.38194274902344
2022-08-22,65.37553405761719
2022-08-23,65.47810363769531
2022-08-24,65.75371551513672
2022-08-25,65.59988403320312
2022-08-26,65.79216766357422
2022-08-29,65.79857635498047
2022-08-30,65.73446655273438
2022-08-31,66.01648712158203
2022-09-01,65.92716979980469
2022-09-02,66.15433502197266
2022-09-05,66.07646942138672
2022-09-06,66.2062759399414
2022-09-08,66.14134979248047
2022-09-09,66.19977569580078
2022-09-12,66.14134979248047
2022-09-13,65.94664001464844
2022-09-14,65.8492660522461
2022-09-15,65.14177703857422
2022-09-16,65.81035614013672
2022-09-19,65.71297454833984
2022-09-20,65.78438568115234
2022-09-21,65.71946716308594
2022-09-22,65.65454864501953
2022-09-23,65.57666778564453
2022-09-26,65.78438568115234
2022-09-27,65.80384063720703
2022-09-28,65.85578918457031
2022-09-29,66.37503814697266
2022-09-30,66.46591186523438
2022-10-03,66.25115966796875
2022-10-04,66.1001205444336
2022-10-05,66.00817108154297
2022-10-06,66.04756927490234
2022-10-07,66.25772094726562
2022-10-10,66.36282348632812
2022-10-11,66.42845916748047
2022-10-13,66.32996368408203
2022-10-14,66.45475006103516
2022-10-17,66.32339477539062
2022-10-18,66.4087905883789
2022-10-19,66.08697509765625
2022-10-20,66.44160461425781
2022-10-21,66.494140625
2022-10-24,66.5270004272461
2022-10-25,66.50726318359375
2022-10-26,66.44816589355469
2022-10-27,66.4218978881836
2022-10-28,66.65831756591797
2022-10-31,66.75025939941406
2022-11-01,66.38752746582031
2022-11-03,66.73936462402344
2022-11-04,66.85223388671875
2022-11-07,66.38752746582031
2022-11-08,66.54022216796875
2022-11-09,66.48710632324219
2022-11-10,66.12862396240234
2022-11-11,66.14851379394531
2022-11-14,66.15515899658203
2022-11-16,66.00247955322266
2022-11-17,65.75682830810547
2022-11-18,65.863037109375
2022-11-21,65.84978485107422
2022-11-22,65.80331420898438
2022-11-23,66.37422943115234
2022-11-24,66.44064331054688
2022-11-25,66.25475311279297
2022-11-28,66.29456329345703
2022-11-29,66.70618438720703
2022-11-30,66.52027893066406
2022-12-01,66.51596069335938
2022-12-02,66.82472229003906
2022-12-05,66.9522933959961
2022-12-06,66.75759887695312
2022-12-07,66.52268981933594
2022-12-08,66.495849609375
2022-12-09,66.59651184082031
2022-12-12,66.52940368652344
2022-12-13,65.94546508789062
2022-12-14,64.7708511352539
2022-12-15,65.09974670410156
2022-12-16,64.77759552001953
2022-12-19,65.03263092041016
2022-12-20,65.44206237792969
2022-12-21,65.71051788330078
2022-12-22,66.05957794189453
2022-12-23,65.36151123046875
2022-12-26,64.98564910888672
2022-12-27,65.63672637939453
2022-12-28,66.0260009765625
2022-12-29,66.24079895019531
2023-01-02,66.24280548095703
2023-01-03,66.31755828857422
2023-01-04,66.5621566772461
2023-01-05,66.94942474365234
2023-01-06,66.7591781616211
2023-01-09,66.49421691894531
2023-01-10,66.44666290283203
2023-01-11,66.35831451416016
2023-01-12,66.52816009521484
2023-01-13,66.71842956542969
2023-01-16,66.89505767822266
2023-01-17,66.79315185546875
2023-01-18,66.94942474365234
2023-01-19,66.99016571044922
2023-01-20,66.8678970336914
2023-01-23,66.68441772460938
2023-01-24,66.8203353881836
2023-01-25,67.1939926147461
2023-01-26,67.26195526123047
2023-01-27,66.58253479003906
2023-01-30,67.1939926147461
2023-01-31,67.3638687133789
2023-02-01,67.01519775390625
2023-02-02,67.62034606933594
2023-02-03,67.66851043701172
2023-02-06,67.86792755126953
2023-02-07,67.84040832519531
2023-02-08,67.95732879638672
2023-02-09,67.84040832519531
2023-02-10,67.83356475830078
2023-02-13,67.86103820800781
2023-02-14,68.0054702758789
2023-02-15,68.11549377441406
2023-02-16,67.87480163574219
2023-02-17,68.08110046386719
2023-02-22,68.10173797607422
2023-02-23,68.14985656738281
2023-02-24,68.28740692138672
2023-02-27,68.30805206298828
2023-02-28,68.34242248535156
2023-03-01,68.36616516113281
2023-03-02,68.24111938476562
2023-03-03,68.60926818847656
2023-03-06,68.3592300415039
2023-03-07,68.63706970214844
2023-03-08,68.42172241210938
2023-03-09,68.23418426513672
2023-03-10,68.15082550048828
2023-03-13,68.22028350830078
2023-03-14,68.03276062011719
2023-03-15,67.57427215576172
2023-03-16,67.6645736694336
2023-03-17,67.58816528320312
2023-03-20,67.60901641845703
2023-03-21,67.79655456542969
2023-03-22,67.65762329101562
2023-03-23,67.9493637084961
2023-03-24,67.7409896850586
2023-03-27,68.15777587890625
2023-03-28,68.0257797241211
2023-03-29,68.046630859375
2023-03-30,67.831298828125
2023-03-31,68.046630859375
2023-04-03,67.61959838867188
2023-04-04,68.1541519165039
2023-04-05,68.29483032226562
2023-04-06,68.40031433105469
2023-04-10,68.57617950439453
2023-04-11,68.37220001220703
2023-04-12,68.11196899414062
2023-04-13,68.09085083007812
2023-04-14,68.25261688232422
2023-04-17,68.37220001220703
2023-04-18,68.0205307006836
2023-04-19,68.10491943359375
2023-04-20,68.16119384765625
2023-04-24,68.28778839111328
2023-04-25,68.52692413330078
2023-04-26,68.21040344238281
2023-04-27,67.9853744506836
2023-04-28,68.21040344238281
2023-05-02,67.40326690673828
2023-05-03,67.50984954833984
2023-05-04,67.58802795410156
2023-05-05,67.77279663085938
2023-05-08,67.96463775634766
2023-05-09,68.24182891845703
2023-05-10,67.90071105957031
2023-05-11,67.77279663085938
2023-05-12,67.58091735839844
2023-05-15,67.63066864013672
2023-05-16,67.50984954833984
2023-05-17,67.40326690673828
2023-05-18,67.6448974609375
2023-05-19,67.68041229248047
2023-05-22,67.67329406738281
2023-05-23,67.73014831542969
2023-05-24,67.53118896484375
2023-05-25,67.50984954833984
2023-05-26,67.5240707397461
2023-05-29,67.50984954833984
2023-05-30,67.49563598632812
2023-05-31,67.68041229248047
2023-06-01,66.95524597167969
2023-06-02,66.99125671386719
2023-06-05,67.45201873779297
2023-06-06,67.25041961669922
2023-06-07,67.4375991821289
2023-06-09,67.45201873779297
2023-06-12,67.24323272705078
2023-06-13,67.41600799560547
2023-06-14,67.84799194335938
2023-06-15,68.32316589355469
2023-06-16,69.1007080078125
2023-06-19,69.47506713867188
2023-06-20,69.89263916015625
2023-06-21,70.38219451904297
2023-06-22,70.4542007446289
2023-06-23,70.19503021240234
2023-06-26,70.55500030517578
2023-06-27,70.05104064941406
2023-06-28,69.76304626464844
2023-06-29,69.89984893798828
2023-06-30,70.30302429199219
2023-07-03,70.39282989501953
2023-07-04,70.8663330078125
2023-07-05,71.02660369873047
2023-07-06,71.31800079345703
2023-07-07,72.11931610107422
2023-07-10,71.60209655761719
2023-07-11,71.82791137695312
2023-07-12,71.7696533203125
2023-07-13,72.03189086914062
2023-07-14,72.0901870727539
2023-07-17,72.15574645996094
2023-07-18,71.10674285888672
2023-07-19,70.91732788085938
2023-07-20,70.43655395507812
2023-07-21,71.28885650634766
2023-07-24,71.46367645263672
2023-07-25,71.57294464111328
2023-07-26,71.478271484375
2023-07-27,71.39085388183594
2023-07-28,71.75508117675781
2023-07-31,72.06105041503906
2023-08-01,71.59916687011719
2023-08-02,71.50334167480469
2023-08-03,71.49597930908203
2023-08-04,71.78340148925781
2023-08-07,72.5940933227539
2023-08-08,72.66043853759766
2023-08-09,72.80781555175781
2023-08-10,72.5940933227539
2023-08-11,72.8667984008789
2023-08-14,72.85205841064453
2023-08-15,72.94048309326172
2023-08-16,72.99942779541016
2023-08-17,72.85205841064453
2023-08-18,73.1836929321289
2023-08-21,73.11000061035156
2023-08-22,72.8741683959961
2023-08-23,72.96260070800781
2023-08-24,72.99942779541016
2023-08-25,73.11735534667969
2023-08-28,73.09525299072266
2023-08-29,73.22053527832031
2023-08-30,73.22053527832031
2023-08-31,73.42694091796875
2023-09-01,73.4067611694336
2023-09-04,73.22027587890625
2023-09-05,73.69766235351562
2023-09-06,73.84685516357422
2023-09-08,73.92145538330078
2023-09-11,73.76480865478516
2023-09-12,73.77225494384766
2023-09-13,73.71258544921875
2023-09-14,73.92145538330078
2023-09-15,74.4361572265625
2023-09-18,74.42121887207031
2023-09-19,74.11540222167969
2023-09-20,74.30934143066406
2023-09-21,74.1825180053711
2023-09-22,73.84685516357422
2023-09-25,74.12284088134766
2023-09-26,74.40631103515625
2023-09-27,74.96575927734375
2023-09-28,75.20445251464844
2023-09-29,75.26411437988281
2023-10-02,75.47795867919922
2023-10-03,75.523193359375
2023-10-04,75.11599731445312
2023-10-05,75.2517318725586
2023-10-06,75.47795867919922
2023-10-09,75.40252685546875
2023-10-10,75.71172332763672
2023-10-11,75.86256408691406
2023-10-13,76.20189666748047
2023-10-16,76.27731323242188
2023-10-17,76.21695709228516
2023-10-18,76.1641845703125
2023-10-19,76.05106353759766
2023-10-20,76.45075225830078
2023-10-23,76.44322967529297
2023-10-24,76.52616119384766
2023-10-25,76.76747131347656
2023-10-26,76.5412368774414
2023-10-27,77.25762939453125
2023-10-30,77.4461441040039
2023-10-31,77.21240234375
2023-11-01,76.78054809570312
2023-11-03,76.79580688476562
2023-11-06,76.39939880371094
2023-11-07,76.80343627929688
2023-11-08,76.7043228149414
2023-11-09,77.00924682617188
2023-11-10,77.29891967773438
2023-11-13,77.25318908691406
2023-11-14,77.59622192382812
2023-11-16,77.80968475341797
2023-11-17,78.38142395019531
2023-11-20,78.6253662109375
2023-11-21,78.51101684570312
2023-11-22,78.1984634399414
2023-11-23,77.98502349853516
2023-11-24,77.61911010742188
2023-11-27,77.45902252197266
2023-11-28,77.5276107788086
2023-11-29,77.19220733642578
2023-11-30,77.60384368896484
2023-12-01,77.47613525390625
2023-12-04,77.76100158691406
2023-12-05,77.82258605957031
2023-12-06,78.06895446777344
2023-12-07,78.29224395751953
2023-12-08,77.99195861816406
2023-12-11,77.83797454833984
2023-12-12,77.7840805053711
2023-12-13,78.14594268798828
2023-12-14,78.13056182861328
2023-12-15,78.46929931640625
2023-12-18,78.40772247314453
2023-12-19,78.75418853759766
2023-12-20,78.53091430664062
2023-12-21,78.66950988769531
2023-12-22,78.68489074707031
2023-12-26,78.97744750976562
2023-12-27,79.67808532714844
2023-12-28,80.3401870727539
2024-01-02,80.38227081298828
2024-01-03,80.0712890625
2024-01-04,80.38227081298828
2024-01-05,80.2267837524414
2024-01-08,80.32007598876953
2024-01-09,80.26565551757812
2024-01-10,80.51441192626953
2024-01-11,80.2267837524414
2024-01-12,80.18790435791016
2024-01-15,80.40560150146484
2024-01-16,80.42113494873047
2024-01-17,80.2267837524414
2024-01-18,80.55327606201172
2024-01-19,81.35401916503906
2024-01-22,80.23454284667969
2024-01-23,80.0712890625
2024-01-24,79.80699157714844
2024-01-25,80.06351470947266
2024-01-26,80.11018371582031
2024-01-29,79.9702377319336
2024-01-30,80.26565551757812
2024-01-31,80.67765808105469
2024-02-01,80.11510467529297
2024-02-02,80.27217102050781
2024-02-05,79.69096374511719
2024-02-06,80.39787292480469
2024-02-07,80.66490173339844
2024-02-08,81.19902038574219
2024-02-09,81.52890014648438
2024-02-14,81.26183319091797
2024-02-15,81.47392272949219
2024-02-16,81.52890014648438
2024-02-19,81.76449584960938
2024-02-20,81.51318359375
2024-02-21,81.48963165283203
2024-02-22,81.5838851928711
2024-02-23,81.54461669921875
2024-02-26,81.89020538330078
2024-02-27,81.41108703613281
2024-02-28,81.52890014648438
2024-02-29,81.84308624267578
2024-03-01,81.24420928955078
2024-03-04,80.76862335205078
2024-03-05,81.16493225097656
2024-03-06,80.88750457763672
2024-03-07,80.77656555175781
2024-03-08,80.76068878173828
2024-03-11,80.72899627685547
2024-03-12,81.00641632080078
2024-03-13,80.97471618652344
2024-03-14,80.90338134765625
2024-03-15,81.71186065673828
2024-03-18,80.97471618652344
2024-03-19,81.32345581054688
2024-03-20,81.4027099609375
2024-03-21,81.6563720703125
2024-03-22,81.87831115722656
2024-03-25,81.24420928955078
2024-03-26,81.32345581054688
2024-03-27,81.36310577392578
2024-03-28,81.97342681884766
2024-04-01,81.28105163574219
2024-04-02,81.32105255126953
2024-04-03,81.72101593017578
2024-04-04,82.07295227050781
2024-04-05,82.28093719482422
2024-04-08,82.67289733886719
2024-04-09,82.66490936279297
2024-04-10,82.55294036865234
2024-04-11,82.58492279052734
2024-04-12,82.71292114257812
2024-04-15,82.3929443359375
2024-04-16,82.67289733886719
2024-04-17,82.5769271850586
2024-04-18,83.0088882446289
2024-04-19,83.01689147949219
2024-04-22,82.54492950439453
2024-04-23,82.79291534423828
2024-04-24,83.04889678955078
2024-04-25,83.11287689208984
2024-04-26,83.18487548828125
2024-04-29,83.41686248779297
2024-04-30,84.00082397460938
2024-05-02,83.38233947753906
2024-05-03,83.68115234375
2024-05-06,84.10916137695312
2024-05-07,84.12529754638672
2024-05-08,83.84264373779297
2024-05-09,83.87495422363281
2024-05-10,83.54383850097656
2024-05-13,82.59093475341797
2024-05-14,82.760498046875
2024-05-15,83.00228118896484
2024-05-16,83.48601531982422
2024-05-17,83.85688781738281
2024-05-20,84.22776794433594
2024-05-21,83.84078216552734
2024-05-22,84.06652069091797
2024-05-23,84.21165466308594
2024-05-24,84.35951232910156
2024-05-27,84.78751373291016
2024-05-28,83.93955993652344
2024-05-29,84.37566375732422
2024-05-31,84.37566375732422
2024-06-03,84.5516128540039
2024-06-04,84.45378112792969
2024-06-05,84.45378112792969
2024-06-06,84.3559341430664
2024-06-07,85.04082489013672
2024-06-10,84.71469116210938
2024-06-11,84.88589477539062
2024-06-12,85.08159637451172
2024-06-13,85.04082489013672
2024-06-14,84.7880630493164
2024-06-17,84.76362609863281
2024-06-18,84.82884216308594
2024-06-19,84.96746063232422
2024-06-20,84.93482971191406
2024-06-21,85.04082489013672
2024-06-24,84.91854095458984
2024-06-25,85.26911926269531
2024-06-26,86.10078430175781
2024-06-27,86.41875457763672
2024-06-28,86.42691040039062
2024-07-01,85.84732055664062
2024-07-02,85.72386169433594
2024-07-03,85.35346221923828
2024-07-04,85.60862731933594
2024-07-05,85.92961120605469
2024-07-08,86.42347717285156
2024-07-09,86.45640563964844
2024-07-10,85.75679016113281
2024-07-11,85.781494140625
2024-07-12,85.60039520263672
2024-07-15,85.7320785522461
2024-07-16,85.97900390625
2024-07-17,85.97077941894531
2024-07-18,86.20124816894531
2024-07-19,86.58808135986328
2024-07-22,86.14361572265625
2024-07-23,86.08601379394531
2024-07-24,86.74446868896484
2024-07-25,86.67039489746094
2024-07-26,87.13131713867188
2024-07-29,86.01193237304688
2024-07-30,86.75271606445312
2024-07-31,87.0737075805664
2024-08-01,87.02056121826172
2024-08-02,87.3943099975586
2024-08-05,87.1783676147461
2024-08-06,86.54718780517578
2024-08-07,86.43921661376953
2024-08-08,86.25647735595703
2024-08-09,86.35617065429688
2024-08-12,86.11531829833984
2024-08-13,86.26480865478516
2024-08-14,86.36446380615234
2024-08-15,86.21497344970703
2024-08-16,86.50564575195312
2024-08-19,86.41429901123047
2024-08-20,86.82955169677734
2024-08-21,86.6966781616211
2024-08-22,87.1451416015625
2024-08-23,87.19499206542969
2024-08-26,87.45243835449219
2024-08-27,87.3278579711914
2024-08-28,87.65174865722656
2024-08-29,87.82615661621094
2024-08-30,87.50226593017578
2024-09-02,87.99337768554688
2024-09-03,88.17774963378906
2024-09-04,88.1274642944336
2024-09-05,88.40400695800781
2024-09-06,88.6554183959961
2024-09-09,88.91521453857422
2024-09-10,88.26992797851562
2024-09-11,88.8062744140625
2024-09-12,87.99337768554688
2024-09-13,88.72246551513672
2024-09-16,88.78111267089844
2024-09-17,88.41239929199219
2024-09-18,88.57998657226562
2024-09-19,88.36211395263672
2024-09-20,89.08282470703125
2024-09-23,88.49620056152344
2024-09-24,88.38726043701172
2024-09-25,88.8313980102539
2024-09-26,89.13309478759766
2024-09-27,89.25880432128906
2024-09-30,89.14148712158203
2024-10-01,88.13190460205078
2024-10-02,88.60541534423828
2024-10-03,88.69842529296875
2024-10-04,88.79143524169922
2024-10-07,88.91827392578125
2024-10-08,88.04561614990234
2024-10-09,88.1972427368164
2024-10-10,87.75811004638672
2024-10-11,88.00300598144531
2024-10-14,87.85100555419922
2024-10-15,88.33234405517578
2024-10-16,87.92700958251953
2024-10-17,88.0558090209961
2024-10-18,87.97970581054688
2024-10-21,87.87824249267578
2024-10-22,87.70067596435547
2024-10-23,88.09809112548828
2024-10-24,87.74296569824219
2024-10-25,87.99662017822266
2024-10-28,87.60765838623047
2024-10-29,87.76831817626953
2024-10-30,88.11499786376953
2024-10-31,88.37712097167969
2024-11-01,88.07573699951172
2024-11-04,88.19525909423828
2024-11-05,88.12694549560547
2024-11-06,87.9049301147461
2024-11-07,88.37458038330078
2024-11-08,88.20380401611328
2024-11-11,87.7939453125
2024-11-12,87.94763946533203
2024-11-13,87.93057250976562
2024-11-14,88.118408203125
2024-11-18,87.86225128173828
2024-11-19,87.93057250976562
2024-11-21,87.77687072753906
2024-11-22,88.57949829101562
2024-11-25,88.29772186279297
2024-11-26,88.28919219970703
2024-11-27,88.28919219970703
2024-11-28,88.48555755615234
2024-11-29,88.90396118164062
2024-12-02,88.23807525634766
2024-12-03,88.15190124511719
2024-12-04,87.9020004272461
2024-12-05,85.35137176513672
2024-12-06,86.9196548461914
2024-12-09,86.46295928955078
2024-12-10,85.256591796875
2024-12-11,83.06787109375
2024-12-12,84.27424621582031
2024-12-13,84.71370697021484
2024-12-16,84.205322265625
2024-12-17,83.47286987304688
2024-12-18,82.99031066894531
2024-12-19,83.15404510498047
2024-12-20,83.98126983642578
2024-12-23,86.11829376220703
2024-12-26,88.40180969238281
2024-12-27,88.83263397216797
2024-12-30,88.74647521972656
2025-01-02,88.53510284423828
2025-01-03,90.3797607421875
2025-01-06,89.50094604492188
2025-01-07,88.14353942871094
2025-01-08,88.18705749511719
2025-01-09,87.79549407958984
2025-01-10,89.27469635009766
2025-01-13,88.81352996826172
2025-01-14,88.79615783691406
2025-01-15,89.43132781982422
2025-01-16,89.43132781982422
2025-01-17,89.11808776855469
2025-01-20,89.9186019897461
2025-01-21,89.0832748413086
2025-01-22,88.75263214111328
2025-01-23,88.8222427368164
2025-01-24,88.57859802246094
2025-01-27,88.81352996826172
2025-01-28,88.16963958740234
2025-01-29,88.28276824951172
2025-01-30,88.891845703125
2025-01-31,88.75263214111328
2025-02-03,88.71470642089844
2025-02-04,87.60676574707031
2025-02-05,87.88814544677734
2025-02-06,88.09917449951172
2025-02-07,88.02005004882812
2025-02-10,87.7122802734375
2025-02-11,87.62434387207031
2025-02-12,87.4045181274414
2025-02-13,87.29900360107422
2025-02-14,87.64193725585938
2025-02-17,87.91453552246094
2025-02-18,88.79386138916016
2025-02-19,87.90574645996094
2025-02-20,88.14314270019531
2025-02-21,89.03128051757812
2025-02-24,88.74109649658203
2025-02-25,88.53886413574219
2025-02-26,89.14557647705078
2025-02-27,89.58524322509766
2025-02-28,90.03368377685547
2025-03-05,89.56886291503906
2025-03-06,90.33303833007812
2025-03-07,90.05757141113281
2025-03-10,90.18196105957031
2025-03-11,90.33303833007812
2025-03-12,90.35968017578125
2025-03-13,90.47521209716797
2025-03-14,90.58182525634766
2025-03-17,90.49297332763672
2025-03-18,90.8128662109375
2025-03-19,91.07942962646484
2025-03-20,91.07942962646484
2025-03-21,91.7014389038086
2025-03-24,91.39044952392578
2025-03-25,91.34600830078125
2025-03-26,91.90581512451172
2025-03-27,92.85660552978516
2025-03-28,92.85660552978516
2025-03-31,93.03430938720703
2025-04-01,92.97772216796875
2025-04-02,92.7623519897461
2025-04-03,92.5559310913086
2025-04-04,92.45721435546875
2025-04-07,92.1700210571289
2025-04-08,92.1700210571289
2025-04-09,92.43924713134766
2025-04-10,92.1520767211914
2025-04-11,92.1430892944336
2025-04-14,92.34952545166016
2025-04-15,92.08027648925781
2025-04-16,92.79825592041016
2025-04-17,93.309814453125
2025-04-22,93.1931381225586
2025-04-23,92.9867172241211
2025-04-24,92.8610610961914
2025-04-25,92.81619262695312
2025-04-28,92.43924713134766
2025-04-29,92.47516632080078
2025-04-30,92.6187515258789
2025-05-02,92.71551513671875
2025-05-05,93.25103759765625
2025-05-06,93.00596618652344
2025-05-07,93.22379302978516
2025-05-08,93.21470642089844
2025-05-09,93.41439819335938
2025-05-12,93.1602554321289
2025-05-13,93.03318786621094
2025-05-14,92.94243621826172
2025-05-15,93.39625549316406
2025-05-16,94.39466094970703
2025-05-19,94.34019470214844
2025-05-20,93.89545440673828
2025-05-21,94.34927368164062
2025-05-22,93.97714233398438
2025-05-23,94.14958953857422
2025-05-26,94.39466094970703
2025-05-27,94.5671157836914
2025-05-28,94.5671157836914
2025-05-29,94.71231842041016
2025-05-30,94.95738983154297
2025-06-02,95.02761840820312
2025-06-03,95.47750854492188
2025-06-04,95.33979034423828
2025-06-05,95.5234146118164
2025-06-06,95.16534423828125
2025-06-09,94.99090576171875
2025-06-10,94.56855010986328
2025-06-11,94.24720764160156
2025-06-12,93.86158752441406
2025-06-13,94.2931137084961
2025-06-16,94.9817123413086
2025-06-17,95.66114044189453
2025-06-18,95.59687805175781
2025-06-20,95.7437744140625
2025-06-23,95.71623229980469
2025-06-24,95.57850646972656
2025-06-25,95.94577026367188
2025-06-26,95.72541809082031
2025-06-27,97.10263061523438
2025-06-30,96.58846282958984
2025-07-01,96.39946746826172
2025-07-02,96.72451782226562
2025-07-03,96.60377502441406
2025-07-04,97.46747589111328
2025-07-07,97.43034362792969
2025-07-08,97.07742309570312
2025-07-09,96.39946746826172
2025-07-10,95.8515396118164
2025-07-11,95.96298217773438
2025-07-14,96.02798461914062
2025-07-15,96.4366226196289
2025-07-16,96.29731750488281
2025-07-17,96.30660247802734
2025-07-18,96.82667541503906
2025-07-21,96.10228729248047
2025-07-22,96.3716049194336
2025-07-23,96.39018249511719
2025-07-24,96.5666275024414
2025-07-25,96.86383056640625
2025-07-28,96.8359603881836
2025-07-29,96.60377502441406
2025-07-30,97.35603332519531
2025-07-31,97.50462341308594
2025-08-01,96.88941192626953
2025-08-04,96.2026596069336
2025-08-05,96.24970245361328
2025-08-06,96.14620971679688
2025-08-07,96.61659240722656
2025-08-08,97.17164611816406
2025-08-11,97.17164611816406
2025-08-12,96.34378051757812
2025-08-13,97.30335235595703
2025-08-14,97.69847869873047
2025-08-15,98.121826171875
2025-08-18,98.1594467163086
2025-08-19,97.56676483154297
2025-08-20,97.03053283691406
2025-08-21,97.51032257080078
2025-08-22,97.4068374633789
2025-08-25,97.49151611328125
2025-08-26,98.22529602050781
2025-08-27,98.76154327392578
2025-08-28,98.686279296875
2025-08-29,99.15666961669922
2025-09-01,99.28631591796875
2025-09-02,99.31490325927734
2025-09-03,99.84854125976562
2025-09-04,100.04866027832031
2025-09-05,99.62937927246094
2025-09-08,100.29642486572266
2025-09-09,100.7252426147461
2025-09-10,100.70619201660156
2025-09-11,100.84912872314453
2025-09-12,101.20171356201172
2025-09-15,101.8497085571289
2025-09-16,101.02066040039062
2025-09-17,100.7252426147461
2025-09-18,100.20113372802734
2025-09-19,98.67644500732422
2025-09-22,99.43878173828125
2025-09-23,99.22431182861328
2025-09-24,99.57586669921875
2025-09-25,100.15348052978516
2025-09-26,99.86760711669922
2025-09-29,100.00102233886719
2025-09-30,100.15348052978516
2025-10-01,100.02799987792969
2025-10-02,100.54927825927734
2025-10-03,100.53961944580078
2025-10-06,100.4430923461914
2025-10-07,100.17278289794922
2025-10-08,100.5685806274414
2025-10-09,100.76165008544922
2025-10-10,101.070556640625
2025-10-13,100.74234771728516
2025-10-14,100.6844253540039
2025-10-15,100.73268127441406
2025-10-16,100.78096008300781
2025-10-17,101.02228546142578
2025-10-20,100.57823944091797
2025-10-21,101.27327728271484
2025-10-22,101.29258728027344
2025-10-23,101.36015319824219
2025-10-24,102.03588104248047
2025-10-27,102.11311340332031
2025-10-28,102.25791931152344
2025-10-29,102.68267059326172
2025-10-30,102.05519104003906
2025-10-31,102.32549285888672
2025-11-03,102.16908264160156
2025-11-04,101.86602020263672
2025-11-05,102.01266479492188
2025-11-06,102.40370178222656
2025-11-07,102.84361267089844
2025-11-10,102.35482025146484
2025-11-11,102.42324829101562
2025-11-12,102.1593017578125
2025-11-13,102.20818328857422
2025-11-14,102.08109283447266
2025-11-17,102.54056549072266
2025-11-18,102.55034637451172
2025-11-19,102.72631072998047
2025-11-21,103.23465728759766
2025-11-24,103.25421905517578
2025-11-25,103.43018341064453
2025-11-26,103.18578338623047
2025-11-27,103.7821273803711
2025-11-28,104.00696563720703
2025-12-01,103.78962707519531
2025-12-02,103.53277587890625
2025-12-03,103.40434265136719
2025-12-04,103.51301574707031
2025-12-05,103.33518981933594
2025-12-08,103.51301574707031
2025-12-09,103.6216812133789
2025-12-10,103.4833755493164
2025-12-11,103.97733306884766
2025-12-12,104.20455169677734
2025-12-15,104.29345703125
2025-12-16,104.441650390625
2025-12-17,104.06623840332031
2025-12-18,104.3033447265625
2025-12-19,103.85877990722656
2025-12-22,105.45919036865234
2025-12-23,105.26161193847656
2025-12-26,105.96302795410156
2025-12-29,105.98278045654297
2025-12-30,106.21000671386719
2026-01-02,106.19999694824219
2026-01-05,106.5
2026-01-06,105.93000030517578
2026-01-07,105.19999694824219
2026-01-08,105.0999984741211
2026-01-09,105.44000244140625
2026-01-12,105.88999938964844
2026-01-13,105.75
2026-01-14,105.61000061035156
2026-01-15,105.37999725341797
