Date,CPTS11.SA
2015-09-02,0.0007135139894671738
2015-09-03,0.0007198033854365349
2015-09-11,0.0007128149154596031
2015-09-14,0.0007157499203458428
2015-09-15,0.0007159595261327922
2015-09-16,0.0007166584255173802
2015-09-17,0.0007163091795518994
2015-09-21,0.0007176368962973356
2015-09-22,0.0007179161766543984
2015-09-29,0.0007198033854365349
2015-10-05,0.0007330112857744098
2015-10-07,0.0006988379172980785
2015-10-09,0.000715540605597198
2015-10-15,0.0007144218543544412
2015-10-16,0.0007144218543544412
2015-10-20,0.0007144218543544412
2015-10-21,0.0007144218543544412
2015-10-23,0.0007144218543544412
2015-10-27,0.0007144218543544412
2015-10-30,0.0007144218543544412
2015-11-03,0.0008084062719717622
2015-11-04,0.0008060308173298836
2015-11-05,0.0008060308173298836
2015-11-06,0.0008052393677644432
2015-11-09,0.0008052393677644432
2015-11-11,0.0008052393677644432
2015-11-12,0.0007917790790088475
2015-11-16,0.0008052393677644432
2015-11-17,0.0008052393677644432
2015-11-18,0.0008052393677644432
2015-11-19,0.0008052393677644432
2015-11-23,0.0008052393677644432
2015-11-24,0.0008052393677644432
2015-11-26,0.0008060308173298836
2015-11-30,0.0008179075666703284
2015-12-01,0.0009119713213294744
2015-12-02,0.0009119713213294744
2015-12-04,0.0009119713213294744
2015-12-07,0.0009155552834272385
2015-12-10,0.0009168987162411213
2015-12-14,0.0009177945321425796
2015-12-15,0.000897727906703949
2015-12-16,0.0009039096185006201
2015-12-17,0.0008510543266311288
2015-12-18,0.0009024758473969996
2015-12-28,0.0009048049105331302
2015-12-29,0.0009048049105331302
2015-12-30,0.0009092839318327606
2016-01-05,0.0009654671302996576
2016-01-11,0.001025104196742177
2016-01-15,0.001025104196742177
2016-01-18,0.001025104196742177
2016-01-19,0.001025104196742177
2016-01-21,0.001025104196742177
2016-01-22,0.0009753216290846467
2016-01-26,0.001015960006043315
2016-01-27,0.0010250023333355784
2016-01-29,0.001025104196742177
2016-02-01,0.0012544532073661685
2016-02-03,0.0012544532073661685
2016-02-04,0.0012544532073661685
2016-02-05,0.0012544532073661685
2016-02-10,0.0012544532073661685
2016-02-11,0.0012538200244307518
2016-02-12,0.0012531861430034041
2016-02-15,0.0012531861430034041
2016-02-16,0.0012531861430034041
2016-02-17,0.0012531861430034041
2016-02-19,0.0012671243166550994
2016-02-22,0.0012531861430034041
2016-02-24,0.0012671243166550994
2016-02-26,0.0012544532073661685
2016-02-29,0.0012671243166550994
2016-03-02,0.0014564648736268282
2016-03-03,0.0014528242172673345
2016-03-04,0.0014528242172673345
2016-03-07,0.0014528242172673345
2016-03-08,0.0014528242172673345
2016-03-09,0.0014526779996231198
2016-03-10,0.0014448134461417794
2016-03-14,0.001441899803467095
2016-03-15,0.00144044344779104
2016-03-16,0.0014448134461417794
2016-03-17,0.0014448134461417794
2016-03-18,0.0014855939662083983
2016-03-21,0.0014710294781252742
2016-03-22,0.0014710294781252742
2016-03-23,0.0014535521622747183
2016-03-24,0.0014535521622747183
2016-03-28,0.0014854486798867583
2016-03-29,0.0014855939662083983
2016-03-30,0.0014855939662083983
2016-03-31,0.0014855939662083983
2016-04-04,0.0016341531882062554
2016-04-05,0.0016259001567959785
2016-04-06,0.0016176472418010235
2016-04-07,0.001650660065934062
2016-04-08,0.0016754195094108582
2016-04-11,0.0016754195094108582
2016-04-12,0.0016499998746439815
2016-04-13,0.0016341531882062554
2016-04-14,0.0016504947561770678
2016-04-15,0.0016671669436618686
2016-04-18,0.0016176472418010235
2016-04-20,0.001683673239313066
2016-04-22,0.001650660065934062
2016-04-25,0.0016820227028802037
2016-04-26,0.0016820227028802037
2016-04-27,0.0016358043067157269
2016-04-28,0.0016589135630056262
2016-04-29,0.0016754195094108582
2016-05-02,0.001921526505611837
2016-05-03,0.0019158474169671535
2016-05-04,0.0019158474169671535
2016-05-05,0.0018931298982352018
2016-05-09,0.0018931298982352018
2016-05-10,0.0018931298982352018
2016-05-11,0.0019120617071166635
2016-05-12,0.0018969159573316574
2016-05-13,0.0018931298982352018
2016-05-16,0.0018931298982352018
2016-05-17,0.0019158474169671535
2016-05-18,0.001855457085184753
2016-05-19,0.001883663353510201
2016-05-20,0.0019120617071166635
2016-05-23,0.0018931298982352018
2016-05-24,0.0018931298982352018
2016-05-25,0.0018762827385216951
2016-05-27,0.0018931298982352018
2016-05-30,0.0018931298982352018
2016-05-31,0.0018931298982352018
2016-06-01,0.002179521368816495
2016-06-02,0.002210118342190981
2016-06-03,0.0022013147827237844
2016-06-06,0.0022013147827237844
2016-06-07,0.0022013147827237844
2016-06-08,0.0022013147827237844
2016-06-09,0.0021969107910990715
2016-06-10,0.0022008740343153477
2016-06-13,0.0022123202215880156
2016-06-14,0.0022079176269471645
2016-06-15,0.00220153434202075
2016-06-16,0.0022123202215880156
2016-06-17,0.0022453402634710073
2016-06-21,0.0022891464177519083
2016-06-22,0.002278360538184643
2016-06-23,0.002289366675540805
2016-06-24,0.0023113791830837727
2016-06-27,0.0022365343756973743
2016-06-28,0.0022563464008271694
2016-06-29,0.002278360538184643
2016-06-30,0.0022563464008271694
2016-07-01,0.0025462680496275425
2016-07-04,0.002571479184553027
2016-07-05,0.002571479184553027
2016-07-06,0.002536436077207327
2016-07-07,0.002521058777347207
2016-07-08,0.0025462680496275425
2016-07-11,0.002594421152025461
2016-07-12,0.002521058777347207
2016-07-13,0.0025117299519479275
2016-07-14,0.0025588744319975376
2016-07-15,0.0025462680496275425
2016-07-18,0.0025586215779185295
2016-07-19,0.0025213107001036406
2016-07-20,0.002521058777347207
2016-07-21,0.002521058777347207
2016-07-22,0.002521058777347207
2016-07-25,0.002570975571870804
2016-07-26,0.0025238317903131247
2016-07-27,0.0025586215779185295
2016-07-28,0.0025636639911681414
2016-07-29,0.0025707234162837267
2016-08-01,0.002903873100876808
2016-08-02,0.002926700050011277
2016-08-03,0.0029183204751461744
2016-08-04,0.0029319007880985737
2016-08-05,0.0029321906622499228
2016-08-08,0.002947504399344325
2016-08-09,0.0029558835085481405
2016-08-10,0.0029755320865660906
2016-08-11,0.0029616609681397676
2016-08-12,0.0030815720092505217
2016-08-15,0.0030310095753520727
2016-08-16,0.0030627937521785498
2016-08-17,0.003005292033776641
2016-08-18,0.0029766871593892574
2016-08-19,0.0029480813536792994
2016-08-22,0.00300500332377851
2016-08-23,0.0030243636574596167
2016-08-24,0.0030336081981658936
2016-08-25,0.0029645522590726614
2016-08-26,0.002976109506562352
2016-08-29,0.002976109506562352
2016-08-30,0.00296541815623641
2016-08-31,0.003019450232386589
2016-09-01,0.003493982832878828
2016-09-02,0.003448773641139269
2016-09-05,0.003431944642215967
2016-09-06,0.0033857456874102354
2016-09-08,0.003497944213449955
2016-09-09,0.00351444142870605
2016-09-12,0.00351444142870605
2016-09-13,0.0034253455232828856
2016-09-14,0.003431944642215967
2016-09-15,0.003431283636018634
2016-09-16,0.0034316140227019787
2016-09-19,0.0033956440165638924
2016-09-20,0.003398945089429617
2016-09-21,0.0033659457694739103
2016-09-22,0.003395315958186984
2016-09-23,0.003395315958186984
2016-09-26,0.003461645683273673
2016-09-27,0.0034484434872865677
2016-09-28,0.003464943030849099
2016-09-29,0.0034814414102584124
2016-09-30,0.003497611964121461
2016-10-03,0.0039476752281188965
2016-10-04,0.003945055417716503
2016-10-05,0.003965632990002632
2016-10-06,0.003939444199204445
2016-10-07,0.003935706336051226
2016-10-10,0.003935706336051226
2016-10-11,0.003927846439182758
2016-10-13,0.0038541462272405624
2016-10-14,0.0038178537506610155
2016-10-17,0.003890810301527381
2016-10-18,0.003924481570720673
2016-10-19,0.003924481570720673
2016-10-20,0.0039282203651964664
2016-10-21,0.003969373647123575
2016-10-24,0.0039095147512853146
2016-10-25,0.004100313875824213
2016-10-26,0.004012398421764374
2016-10-27,0.004190103616565466
2016-10-28,0.004152690060436726
2016-10-31,0.004067766014486551
2016-11-01,0.004284839145839214
2016-11-07,0.0042039924301207066
2016-11-08,0.00422420259565115
2016-11-09,0.0042039924301207066
2016-11-10,0.004163568839430809
2016-11-11,0.004064531531184912
2016-11-14,0.0041393134742975235
2016-11-16,0.004123144783079624
2016-11-17,0.004107379354536533
2016-11-18,0.004102934617549181
2016-11-21,0.004082722123712301
2016-11-22,0.004133249167352915
2016-11-23,0.004143355879932642
2016-11-24,0.004133249167352915
2016-11-25,0.0041425502859056
2016-11-28,0.004074637312442064
2016-11-29,0.004046340938657522
2016-11-30,0.00405887421220541
2016-12-01,0.004529100377112627
2016-12-02,0.004498019348829985
2016-12-05,0.004461607895791531
2016-12-06,0.0044624959118664265
2016-12-07,0.004484698176383972
2016-12-08,0.004440294113010168
2016-12-09,0.004440294113010168
2016-12-12,0.004424753598868847
2016-12-13,0.004440294113010168
2016-12-14,0.0044624959118664265
2016-12-15,0.0044624959118664265
2016-12-16,0.0044624959118664265
2016-12-19,0.004529100377112627
2016-12-20,0.004440294113010168
2016-12-21,0.004462052136659622
2016-12-22,0.0044624959118664265
2016-12-23,0.0044624959118664265
2016-12-26,0.0044624959118664265
2016-12-27,0.004462938755750656
2016-12-28,0.0044624959118664265
2016-12-29,0.004395892843604088
2017-01-02,0.004857338964939117
2017-01-03,0.0047606793232262135
2017-01-05,0.004785451106727123
2017-01-06,0.004881624132394791
2017-01-09,0.004813622683286667
2017-01-10,0.004856851417571306
2017-01-11,0.004833053797483444
2017-01-12,0.004825766663998365
2017-01-13,0.004900567699223757
2017-01-16,0.004881624132394791
2017-01-17,0.004856851417571306
2017-01-18,0.004857338964939117
2017-01-19,0.004857338964939117
2017-01-20,0.004857338964939117
2017-01-23,0.004856851417571306
2017-01-24,0.004856851417571306
2017-01-26,0.004855882376432419
2017-01-27,0.004857338964939117
2017-01-30,0.004857338964939117
2017-01-31,0.004857338964939117
2017-02-01,0.005558956414461136
2017-02-02,0.005397043656557798
2017-02-03,0.005397043656557798
2017-02-06,0.005397043656557798
2017-02-07,0.005397043656557798
2017-02-08,0.005397043656557798
2017-02-09,0.005376534070819616
2017-02-10,0.005396501161158085
2017-02-13,0.005396501161158085
2017-02-14,0.005397043656557798
2017-02-15,0.005397043656557798
2017-02-16,0.005397043656557798
2017-02-17,0.005397043656557798
2017-02-20,0.005397043656557798
2017-02-21,0.005397043656557798
2017-02-22,0.005397043656557798
2017-02-23,0.005397043656557798
2017-02-24,0.005451014265418053
2017-03-01,0.00605032267048955
2017-03-02,0.00605032267048955
2017-03-03,0.006023219786584377
2017-03-06,0.006023219786584377
2017-03-07,0.006023219786584377
2017-03-08,0.006023219786584377
2017-03-09,0.006023219786584377
2017-03-10,0.006023219786584377
2017-03-13,0.006021413020789623
2017-03-14,0.006023219786584377
2017-03-15,0.00604309281334281
2017-03-16,0.006019604858011007
2017-03-17,0.006023219786584377
2017-03-20,0.006023219786584377
2017-03-21,0.006017195526510477
2017-03-22,0.006023219786584377
2017-03-23,0.006017195526510477
2017-03-24,0.005993703845888376
2017-03-27,0.006023219786584377
2017-03-28,0.006023219786584377
2017-03-29,0.006038275081664324
2017-03-30,0.006023219786584377
2017-03-31,0.006023219786584377
2017-04-03,0.006767662707716227
2017-04-04,0.006767662707716227
2017-04-05,0.006767662707716227
2017-04-06,0.006779171526432037
2017-04-07,0.006767662707716227
2017-04-10,0.006767662707716227
2017-04-11,0.006767662707716227
2017-04-12,0.006767662707716227
2017-04-13,0.006743972189724445
2017-04-17,0.00676698237657547
2017-04-18,0.006767662707716227
2017-04-19,0.006767662707716227
2017-04-20,0.006767662707716227
2017-04-24,0.00676698237657547
2017-04-25,0.006754126865416765
2017-04-26,0.006767662707716227
2017-04-27,0.006754126865416765
2017-04-28,0.006767662707716227
2017-05-02,0.007489545736461878
2017-05-03,0.007504583802074194
2017-05-04,0.007489545736461878
2017-05-05,0.007515113800764084
2017-05-08,0.007482028566300869
2017-05-09,0.0075121051631867886
2017-05-10,0.007504583802074194
2017-05-11,0.007482775952666998
2017-05-12,0.007482028566300869
2017-05-15,0.007517371326684952
2017-05-16,0.007518117316067219
2017-05-17,0.007515864446759224
2017-05-18,0.007406830787658691
2017-05-19,0.007369982544332743
2017-05-22,0.007406830787658691
2017-05-23,0.007406830787658691
2017-05-24,0.007481273729354143
2017-05-25,0.007518117316067219
2017-05-26,0.007519624661654234
2017-05-29,0.00747826648876071
2017-05-30,0.007503830827772617
2017-05-31,0.007481273729354143
2017-06-01,0.007999764755368233
2017-06-02,0.007918879389762878
2017-06-05,0.007926960475742817
2017-06-06,0.008007851429283619
2017-06-07,0.007926960475742817
2017-06-08,0.007894611917436123
2017-06-09,0.008020798675715923
2017-06-12,0.007995718158781528
2017-06-13,0.007947188802063465
2017-06-14,0.007959320209920406
2017-06-16,0.007926960475742817
2017-06-19,0.007926960475742817
2017-06-20,0.007926960475742817
2017-06-21,0.0079148318618536
2017-06-22,0.007926960475742817
2017-06-23,0.007967407815158367
2017-06-26,0.007926960475742817
2017-06-27,0.007898654788732529
2017-06-28,0.007882474921643734
2017-06-29,0.007842028513550758
2017-06-30,0.007777322083711624
2017-07-03,0.008602255955338478
2017-07-04,0.008574025705456734
2017-07-05,0.008637548424303532
2017-07-06,0.008469915017485619
2017-07-07,0.00848315004259348
2017-07-10,0.008557255379855633
2017-07-11,0.008553734049201012
2017-07-12,0.008602255955338478
2017-07-13,0.008637548424303532
2017-07-14,0.008666664361953735
2017-07-17,0.008633134886622429
2017-07-18,0.008663133718073368
2017-07-19,0.008604020811617374
2017-07-20,0.00864636804908514
2017-07-21,0.008639310486614704
2017-07-24,0.008644607849419117
2017-07-25,0.008663133718073368
2017-07-26,0.00867019034922123
2017-07-27,0.008690482936799526
2017-07-28,0.008690482936799526
2017-07-31,0.008689600974321365
2017-08-01,0.0094649912789464
2017-08-02,0.009511345066130161
2017-08-03,0.009511345066130161
2017-08-04,0.009463061578571796
2017-08-07,0.009511345066130161
2017-08-08,0.009511345066130161
2017-08-09,0.009511345066130161
2017-08-10,0.009511345066130161
2017-08-11,0.009511345066130161
2017-08-14,0.009501690044999123
2017-08-15,0.009491071105003357
2017-08-16,0.009511345066130161
2017-08-17,0.009511345066130161
2017-08-18,0.009648464620113373
2017-08-21,0.009646531194448471
2017-08-22,0.009648464620113373
2017-08-23,0.0096320491284132
2017-08-24,0.009559626691043377
2017-08-25,0.00963397417217493
2017-08-28,0.009607902728021145
2017-08-29,0.009636878035962582
2017-08-30,0.009635912254452705
2017-08-31,0.00960984081029892
2017-09-01,0.01028435304760933
2017-09-04,0.010352014563977718
2017-09-05,0.010232308879494667
2017-09-06,0.01032599713653326
2017-09-08,0.010357222519814968
2017-09-11,0.010372842662036419
2017-09-12,0.010386369191110134
2017-09-13,0.010386369191110134
2017-09-14,0.010378042235970497
2017-09-15,0.010357222519814968
2017-09-18,0.010378042235970497
2017-09-19,0.010357222519814968
2017-09-20,0.010378042235970497
2017-09-21,0.010386369191110134
2017-09-22,0.010357222519814968
2017-09-25,0.010320787318050861
2017-09-26,0.010336405597627163
2017-09-27,0.010336405597627163
2017-09-28,0.010315587744116783
2017-09-29,0.010306217707693577
2017-10-02,0.011168341152369976
2017-10-03,0.011118952184915543
2017-10-04,0.011169465258717537
2017-10-05,0.011113337241113186
2017-10-06,0.011163848452270031
2017-10-09,0.011158237233757973
2017-10-10,0.011197536252439022
2017-10-11,0.011113337241113186
2017-10-13,0.011113337241113186
2017-10-16,0.011113337241113186
2017-10-17,0.011113337241113186
2017-10-18,0.011113337241113186
2017-10-19,0.011113337241113186
2017-10-20,0.011079659685492516
2017-10-23,0.011085275560617447
2017-10-24,0.011113337241113186
2017-10-25,0.01111221220344305
2017-10-26,0.011113337241113186
2017-10-27,0.01111221220344305
2017-10-30,0.01111221220344305
2017-10-31,0.011113337241113186
2017-11-01,0.011927099898457527
2017-11-03,0.011945313774049282
2017-11-06,0.01200605183839798
2017-11-07,0.01193317398428917
2017-11-08,0.01198540162295103
2017-11-09,0.012012118473649025
2017-11-10,0.011951394379138947
2017-11-13,0.012010905891656876
2017-11-14,0.012012118473649025
2017-11-16,0.011916174553334713
2017-11-17,0.012008481658995152
2017-11-21,0.012012118473649025
2017-11-22,0.012010905891656876
2017-11-23,0.012012118473649025
2017-11-24,0.01200482714921236
2017-11-27,0.011979326605796814
2017-11-28,0.011980545707046986
2017-11-29,0.011984186246991158
2017-11-30,0.012012118473649025
2017-12-01,0.013154866173863411
2017-12-04,0.013088429346680641
2017-12-05,0.013144242577254772
2017-12-06,0.013088429346680641
2017-12-07,0.01311499997973442
2017-12-08,0.013146897777915001
2017-12-11,0.013088429346680641
2017-12-12,0.013154866173863411
2017-12-13,0.013152203522622585
2017-12-14,0.01311499997973442
2017-12-15,0.01311499997973442
2017-12-18,0.013104372657835484
2017-12-19,0.013149552047252655
2017-12-20,0.013149552047252655
2017-12-21,0.013154866173863411
2017-12-22,0.013153535313904285
2017-12-26,0.01311499997973442
2017-12-27,0.01311499997973442
2017-12-28,0.013152203522622585
2018-01-02,0.013108363375067711
2018-01-03,0.013096403330564499
2018-01-04,0.013128290884196758
2018-01-05,0.013101720251142979
2018-01-08,0.013101720251142979
2018-01-09,0.013101720251142979
2018-01-10,0.013088429346680641
2018-01-11,0.013101720251142979
2018-01-12,0.013088429346680641
2018-01-15,0.013101720251142979
2018-01-16,0.013088429346680641
2018-01-17,0.013101720251142979
2018-01-18,0.013087092898786068
2018-01-19,0.01308178436011076
2018-01-22,0.01308178436011076
2018-01-23,0.013101720251142979
2018-01-24,0.013101720251142979
2018-01-26,0.013141577132046223
2018-01-29,0.013101720251142979
2018-01-30,0.013095071539282799
2018-01-31,0.013101720251142979
2018-02-01,0.014155304059386253
2018-02-02,0.01411946676671505
2018-02-05,0.01414813194423914
2018-02-06,0.01411946676671505
2018-02-07,0.014115165919065475
2018-02-08,0.01411946676671505
2018-02-09,0.014158165082335472
2018-02-14,0.014126624912023544
2018-02-15,0.01410942804068327
2018-02-16,0.01415099948644638
2018-02-19,0.01411946676671505
2018-02-20,0.014115165919065475
2018-02-21,0.01411946676671505
2018-02-22,0.014158165082335472
2018-02-23,0.014133797958493233
2018-02-26,0.014133797958493233
2018-02-27,0.01414813194423914
2018-02-28,0.014161039143800735
2018-03-01,0.015171551145613194
2018-03-02,0.015188519842922688
2018-03-05,0.015191602520644665
2018-03-06,0.015205482952296734
2018-03-07,0.015207028947770596
2018-03-08,0.015203939750790596
2018-03-09,0.015191602520644665
2018-03-12,0.015196234919130802
2018-03-13,0.015196234919130802
2018-03-14,0.015196234919130802
2018-03-15,0.015211652964353561
2018-03-16,0.015211652964353561
2018-03-19,0.015208574011921883
2018-03-20,0.015211652964353561
2018-03-21,0.01521011907607317
2018-03-22,0.0152224600315094
2018-03-23,0.015203939750790596
2018-03-26,0.01521011907607317
2018-03-27,0.015196234919130802
2018-03-28,0.015196234919130802
2018-03-29,0.015196234919130802
2018-04-02,0.016443658620119095
2018-04-03,0.01645869016647339
2018-04-04,0.016448665410280228
2018-04-05,0.016448665410280228
2018-04-06,0.016448665410280228
2018-04-09,0.01645367406308651
2018-04-10,0.016440317034721375
2018-04-11,0.016431964933872223
2018-04-12,0.016431964933872223
2018-04-13,0.016448665410280228
2018-04-16,0.016448665410280228
2018-04-17,0.016448665410280228
2018-04-18,0.016430294141173363
2018-04-19,0.016448665410280228
2018-04-20,0.016398565843701363
2018-04-23,0.016431964933872223
2018-04-24,0.016446996480226517
2018-04-25,0.01646536961197853
2018-04-26,0.016457008197903633
2018-04-27,0.01646536961197853
2018-04-30,0.01661398448050022
2018-05-02,0.01802315190434456
2018-05-03,0.01804312877357006
2018-05-04,0.018077632412314415
2018-05-07,0.018077632412314415
2018-05-08,0.018086712807416916
2018-05-09,0.018074005842208862
2018-05-10,0.018077632412314415
2018-05-11,0.018095796927809715
2018-05-14,0.018068555742502213
2018-05-15,0.018077632412314415
2018-05-16,0.018070364370942116
2018-05-17,0.018050385639071465
2018-05-18,0.018141191452741623
2018-05-21,0.01815752685070038
2018-05-22,0.018086712807416916
2018-05-23,0.018101243302226067
2018-05-24,0.018077632412314415
2018-05-25,0.018097613006830215
2018-05-28,0.01803586818277836
2018-05-29,0.018101243302226067
2018-05-30,0.018077632412314415
2018-06-01,0.019337499514222145
2018-06-04,0.01941561885178089
2018-06-05,0.019357027485966682
2018-06-06,0.019366789609193802
2018-06-07,0.019144130870699883
2018-06-08,0.018948795273900032
2018-06-11,0.01904645562171936
2018-06-12,0.018966371193528175
2018-06-13,0.01889801397919655
2018-06-14,0.019105050712823868
2018-06-15,0.019103100523352623
2018-06-18,0.0190640389919281
2018-06-19,0.019337499514222145
2018-06-20,0.0192300733178854
2018-06-21,0.019249601289629936
2018-06-22,0.01925155706703663
2018-06-25,0.019337499514222145
2018-06-26,0.019206630066037178
2018-06-27,0.019376570358872414
2018-06-28,0.019337499514222145
2018-06-29,0.019460558891296387
2018-07-02,0.021151117980480194
2018-07-03,0.021015189588069916
2018-07-04,0.02111075259745121
2018-07-05,0.020962094888091087
2018-07-06,0.02111075259745121
2018-07-10,0.02102581225335598
2018-07-11,0.021002449095249176
2018-07-12,0.021030055359005928
2018-07-13,0.021036431193351746
2018-07-16,0.02105765976011753
2018-07-17,0.02112138271331787
2018-07-18,0.021078912541270256
2018-07-19,0.021047046408057213
2018-07-20,0.021036431193351746
2018-07-23,0.02101306803524494
2018-07-24,0.02111925557255745
2018-07-25,0.02114899642765522
2018-07-26,0.02102581225335598
2018-07-27,0.02106829173862934
2018-07-30,0.02102581225335598
2018-07-31,0.021015189588069916
2018-08-01,0.023001696914434433
2018-08-02,0.023001696914434433
2018-08-03,0.022920385003089905
2018-08-06,0.022932002320885658
2018-08-07,0.023001696914434433
2018-08-08,0.022973813116550446
2018-08-09,0.023001696914434433
2018-08-10,0.022985439747571945
2018-08-13,0.022990087047219276
2018-08-14,0.022978469729423523
2018-08-15,0.023001696914434433
2018-08-16,0.023050490766763687
2018-08-17,0.02307140827178955
2018-08-20,0.023083021864295006
2018-08-21,0.023036550730466843
2018-08-22,0.02316434308886528
2018-08-23,0.023052817210555077
2018-08-24,0.02316201850771904
2018-08-27,0.02316201850771904
2018-08-28,0.023203842341899872
2018-08-29,0.02313181385397911
2018-08-30,0.023145750164985657
2018-08-31,0.0232340469956398
2018-09-03,0.025130651891231537
2018-09-04,0.025178629904985428
2018-09-05,0.02500438131392002
2018-09-06,0.02512812241911888
2018-09-10,0.02507508173584938
2018-09-11,0.025123072788119316
2018-09-12,0.025118017569184303
2018-09-13,0.025118017569184303
2018-09-14,0.025201357901096344
2018-09-17,0.025216510519385338
2018-09-18,0.02505487948656082
2018-09-19,0.02519126795232296
2018-09-20,0.02512812241911888
2018-09-21,0.02512812241911888
2018-09-24,0.025102859362959862
2018-09-25,0.024984175339341164
2018-09-26,0.0251508466899395
2018-09-27,0.02512812241911888
2018-09-28,0.02523166872560978
2018-10-01,0.02712179161608219
2018-10-02,0.027253272011876106
2018-10-03,0.027173826470971107
2018-10-04,0.027256004512310028
2018-10-05,0.027242308482527733
2018-10-08,0.027269702404737473
2018-10-09,0.02717656083405018
2018-10-10,0.02722860500216484
2018-10-11,0.027291612699627876
2018-10-15,0.02735736407339573
2018-10-16,0.02713274210691452
2018-10-17,0.02738475613296032
2018-10-18,0.0273957047611475
2018-10-19,0.027469659224152565
2018-10-22,0.027609381824731827
2018-10-23,0.027658693492412567
2018-10-24,0.027806594967842102
2018-10-25,0.028146270662546158
2018-10-26,0.02821476384997368
2018-10-29,0.02794083207845688
2018-10-30,0.028239406645298004
2018-10-31,0.028239406645298004
2018-11-01,0.030558796599507332
2018-11-05,0.030546914786100388
2018-11-06,0.030291525647044182
2018-11-07,0.030362794175744057
2018-11-08,0.030499383807182312
2018-11-09,0.030291525647044182
2018-11-12,0.030380601063370705
2018-11-13,0.030157890170812607
2018-11-14,0.030380601063370705
2018-11-16,0.030172714963555336
2018-11-19,0.030241023749113083
2018-11-21,0.030318228527903557
2018-11-22,0.03036576323211193
2018-11-23,0.030291525647044182
2018-11-26,0.030291525647044182
2018-11-27,0.030235087499022484
2018-11-28,0.030172714963555336
2018-11-29,0.03035091608762741
2018-11-30,0.030264779925346375
2018-12-03,0.03257228434085846
2018-12-04,0.03267541527748108
2018-12-05,0.032549720257520676
2018-12-06,0.032549720257520676
2018-12-07,0.032549720257520676
2018-12-10,0.032707635313272476
2018-12-11,0.032707635313272476
2018-12-12,0.032707635313272476
2018-12-13,0.03271084278821945
2018-12-14,0.03271084278821945
2018-12-17,0.032681845128536224
2018-12-18,0.03271084278821945
2018-12-19,0.03262384608387947
2018-12-20,0.03271084278821945
2018-12-21,0.03271084278821945
2018-12-26,0.032714083790779114
2018-12-27,0.03271084278821945
2018-12-28,0.03293643891811371
2019-01-02,0.03722145035862923
2019-01-03,0.03703989088535309
2019-01-04,0.03696726635098457
2019-01-07,0.03703989088535309
2019-01-08,0.03703989088535309
2019-01-09,0.03703989088535309
2019-01-10,0.03718150779604912
2019-01-11,0.03722145035862923
2019-01-14,0.0370761938393116
2019-01-15,0.03722145035862923
2019-01-16,0.03713067248463631
2019-01-17,0.03722145035862923
2019-01-18,0.037148818373680115
2019-01-21,0.03722145035862923
2019-01-22,0.037330400198698044
2019-01-23,0.03727591782808304
2019-01-24,0.03731222823262215
2019-01-28,0.03729407861828804
2019-01-29,0.037257757037878036
2019-01-30,0.03734854608774185
2019-01-31,0.037315864115953445
2019-02-01,0.03957977145910263
2019-02-04,0.03969607129693031
2019-02-05,0.03971545770764351
2019-02-06,0.03954101726412773
2019-02-07,0.03954101726412773
2019-02-08,0.03954101726412773
2019-02-11,0.03950223699212074
2019-02-12,0.03954101726412773
2019-02-13,0.03954101726412773
2019-02-14,0.03940533846616745
2019-02-15,0.039366576820611954
2019-02-18,0.03926577791571617
2019-02-19,0.039362698793411255
2019-02-20,0.03915337100625038
2019-02-21,0.03915337100625038
2019-02-22,0.03951774910092354
2019-02-25,0.03912235423922539
2019-02-26,0.039009939879179
2019-02-27,0.0390758216381073
2019-02-28,0.039192114025354385
2019-03-01,0.04169858992099762
2019-03-06,0.04174002259969711
2019-03-07,0.041835326701402664
2019-03-08,0.04184359684586525
2019-03-11,0.041661299765110016
2019-03-12,0.04184359684586525
2019-03-13,0.0417814739048481
2019-03-14,0.04184359684586525
2019-03-15,0.04181460291147232
2019-03-18,0.04184359684586525
2019-03-19,0.04182702302932739
2019-03-20,0.04176074266433716
2019-03-21,0.04183945059776306
2019-03-22,0.04167788103222847
2019-03-25,0.041835326701402664
2019-03-26,0.04184359684586525
2019-03-27,0.04184359684586525
2019-03-28,0.04184359684586525
2019-03-29,0.04184359684586525
2019-04-01,0.044345371425151825
2019-04-02,0.04437192529439926
2019-04-03,0.04445606470108032
2019-04-04,0.044411782175302505
2019-04-05,0.04450032860040665
2019-04-08,0.04454462230205536
2019-04-09,0.044411782175302505
2019-04-10,0.04430108144879341
2019-04-11,0.044278938323259354
2019-04-12,0.04430108144879341
2019-04-15,0.044278938323259354
2019-04-16,0.044278938323259354
2019-04-17,0.044278938323259354
2019-04-18,0.044407349079847336
2019-04-22,0.044345371425151825
2019-04-23,0.04450032860040665
2019-04-24,0.044274505227804184
2019-04-25,0.044411782175302505
2019-04-26,0.044278938323259354
2019-04-29,0.04454462230205536
2019-04-30,0.04450032860040665
2019-05-02,0.04746543988585472
2019-05-03,0.04744647443294525
2019-05-06,0.04744173213839531
2019-05-07,0.04751761257648468
2019-05-08,0.04756031930446625
2019-05-09,0.04744173213839531
2019-05-10,0.04753660038113594
2019-05-13,0.047436997294425964
2019-05-14,0.047389544546604156
2019-05-15,0.047394271939992905
2019-05-16,0.047394271939992905
2019-05-17,0.04744173213839531
2019-05-20,0.047389544546604156
2019-05-21,0.04715706408023834
2019-05-22,0.04698152840137482
2019-05-23,0.04720453545451164
2019-05-24,0.04720453545451164
2019-05-27,0.047109633684158325
2019-05-28,0.04704796150326729
2019-05-29,0.04705269634723663
2019-05-30,0.04705743119120598
2019-05-31,0.04726146161556244
2019-06-03,0.051222141832113266
2019-06-04,0.051458124071359634
2019-06-05,0.05090918391942978
2019-06-06,0.05141708627343178
2019-06-07,0.05140170082449913
2019-06-10,0.05130420997738838
2019-06-11,0.051560740917921066
2019-06-12,0.05145297944545746
2019-06-13,0.051596663892269135
2019-06-14,0.051560740917921066
2019-06-17,0.0522276870906353
2019-06-18,0.05227900296449661
2019-06-19,0.052330296486616135
2019-06-21,0.052740734070539474
2019-06-24,0.05283821374177933
2019-06-25,0.052997246384620667
2019-06-26,0.05335637181997299
2019-06-27,0.053489770740270615
2019-06-28,0.05396690219640732
2019-07-01,0.05858119949698448
2019-07-02,0.0591253787279129
2019-07-03,0.058858852833509445
2019-07-04,0.05899766832590103
2019-07-05,0.05913647636771202
2019-07-08,0.05938635393977165
2019-07-10,0.05940300226211548
2019-07-11,0.060241468250751495
2019-07-12,0.060241468250751495
2019-07-15,0.06079676374793053
2019-07-16,0.06135759502649307
2019-07-17,0.06189063936471939
2019-07-18,0.06101888045668602
2019-07-19,0.06102437525987625
2019-07-22,0.06102437525987625
2019-07-23,0.06164075806736946
2019-07-24,0.06162412092089653
2019-07-25,0.06124652922153473
2019-07-26,0.06041361019015312
2019-07-29,0.060530226677656174
2019-07-30,0.06163523346185684
2019-07-31,0.062190499156713486
2019-08-01,0.06647539138793945
2019-08-02,0.06718357652425766
2019-08-05,0.06665392965078354
2019-08-06,0.06629683822393417
2019-08-07,0.06662415713071823
2019-08-08,0.06665392965078354
2019-08-09,0.06724902242422104
2019-08-12,0.06721928715705872
2019-08-13,0.06665392965078354
2019-08-14,0.06665392965078354
2019-08-15,0.066647969186306
2019-08-16,0.06689196825027466
2019-08-19,0.06486854702234268
2019-08-20,0.060702674090862274
2019-08-21,0.060702674090862274
2019-08-22,0.060286086052656174
2019-08-23,0.05967903509736061
2019-08-26,0.05972074717283249
2019-08-27,0.05969094857573509
2019-08-28,0.059809982776641846
2019-08-29,0.059839751571416855
2019-08-30,0.06010754406452179
2019-09-02,0.06460758298635483
2019-09-03,0.06459470838308334
2019-09-04,0.06460758298635483
2019-09-05,0.06508971750736237
2019-09-06,0.06582903116941452
2019-09-09,0.06784115731716156
2019-09-10,0.06795046478509903
2019-09-11,0.06813688576221466
2019-09-12,0.06813688576221466
2019-09-13,0.06812404841184616
2019-09-16,0.06717903167009354
2019-09-17,0.06741044670343399
2019-09-18,0.06781546026468277
2019-09-19,0.06750690191984177
2019-09-20,0.068072609603405
2019-09-23,0.06768044829368591
2019-09-24,0.06807902455329895
2019-09-25,0.06818191707134247
2019-09-26,0.06843902915716171
2019-09-27,0.06843902915716171
2019-09-30,0.06814336031675339
2019-10-01,0.07351215928792953
2019-10-02,0.07313361763954163
2019-10-03,0.07345711439847946
2019-10-04,0.07303034514188766
2019-10-07,0.07313361763954163
2019-10-08,0.07296157628297806
2019-10-09,0.07330568879842758
2019-10-10,0.07295464724302292
2019-10-11,0.0725485160946846
2019-10-14,0.07241087406873703
2019-10-15,0.07181202620267868
2019-10-16,0.07158492505550385
2019-10-17,0.07192905992269516
2019-10-18,0.0729890838265419
2019-10-21,0.07364295423030853
2019-10-22,0.07362232357263565
2019-10-23,0.07423490285873413
2019-10-24,0.07420049607753754
2019-10-25,0.0737462192773819
2019-10-28,0.0739114060997963
2019-10-29,0.07433126866817474
2019-10-30,0.07362920790910721
2019-10-31,0.07340893149375916
2019-11-01,0.07846657931804657
2019-11-04,0.07806342095136642
2019-11-05,0.07878908514976501
2019-11-06,0.0793241485953331
2019-11-07,0.07941944897174835
2019-11-08,0.07916291058063507
2019-11-11,0.07938277721405029
2019-11-12,0.07987388968467712
2019-11-13,0.08025506138801575
2019-11-14,0.08025506138801575
2019-11-18,0.08023308217525482
2019-11-19,0.08011579513549805
2019-11-21,0.07973466068506241
2019-11-22,0.07988859713077545
2019-11-25,0.07875975966453552
2019-11-26,0.07851051539182663
2019-11-27,0.07822467386722565
2019-11-28,0.0783199593424797
2019-11-29,0.07879643887281418
2019-12-02,0.08495969325304031
2019-12-03,0.08597391843795776
2019-12-04,0.0865902453660965
2019-12-05,0.08736259490251541
2019-12-06,0.08730018138885498
2019-12-09,0.08737822622060776
2019-12-10,0.08581787347793579
2019-12-11,0.08644198626279831
2019-12-12,0.08425755798816681
2019-12-13,0.08550582081079483
2019-12-16,0.08420292288064957
2019-12-17,0.08581787347793579
2019-12-18,0.08652006089687347
2019-12-19,0.0881427675485611
2019-12-20,0.09124776721000671
2019-12-23,0.09025697410106659
2019-12-26,0.0928315669298172
2019-12-27,0.088548444211483
2019-12-30,0.0900619626045227
2020-01-02,0.09794256836175919
2020-01-03,0.09819835424423218
2020-01-06,0.09824787825345993
2020-01-07,0.09820665419101715
2020-01-08,0.09795086085796356
2020-01-09,0.09538449347019196
2020-01-10,0.0965149849653244
2020-01-13,0.09587132930755615
2020-01-14,0.09489759057760239
2020-01-15,0.09538449347019196
2020-01-16,0.09518641233444214
2020-01-17,0.09489759057760239
2020-01-20,0.09470778703689575
2020-01-21,0.09488936513662338
2020-01-22,0.093247190117836
2020-01-23,0.09316467493772507
2020-01-24,0.093247190117836
2020-01-27,0.09200943261384964
2020-01-28,0.09242203086614609
2020-01-29,0.09077160060405731
2020-01-30,0.09068907797336578
2020-01-31,0.08891493827104568
2020-02-03,0.09528166055679321
2020-02-04,0.09530801326036453
2020-02-05,0.09396442025899887
2020-02-06,0.09387663006782532
2020-02-07,0.09266471862792969
2020-02-10,0.09273497015237808
2020-02-11,0.09308626502752304
2020-02-12,0.09243641793727875
2020-02-13,0.09396442025899887
2020-02-14,0.0950445756316185
2020-02-17,0.09313895553350449
2020-02-18,0.09420152008533478
2020-02-19,0.0938502848148346
2020-02-20,0.09440349042415619
2020-02-21,0.09444741904735565
2020-02-26,0.09220807254314423
2020-02-27,0.09195341169834137
2020-02-28,0.09139136224985123
2020-03-02,0.09177777916193008
2020-03-03,0.09383268654346466
2020-03-04,0.09366588294506073
2020-03-05,0.09308626502752304
2020-03-06,0.09247153252363205
2020-03-09,0.08871298283338547
2020-03-10,0.09089083969593048
2020-03-11,0.08880077302455902
2020-03-12,0.08298728615045547
2020-03-13,0.08333855867385864
2020-03-16,0.0846395194530487
2020-03-17,0.0843755304813385
2020-03-18,0.07755953073501587
2020-03-19,0.07541949301958084
2020-03-20,0.08201869577169418
2020-03-23,0.0764564722776413
2020-03-24,0.07730495184659958
2020-03-25,0.07975609600543976
2020-03-26,0.08013325929641724
2020-03-27,0.08013325929641724
2020-03-30,0.0811702236533165
2020-03-31,0.0843755304813385
2020-04-01,0.08296144753694534
2020-04-02,0.08362136036157608
2020-04-03,0.08032175153493881
2020-04-06,0.08107594400644302
2020-04-07,0.08033120632171631
2020-04-08,0.08385705947875977
2020-04-09,0.08464895188808441
2020-04-13,0.08640247583389282
2020-04-14,0.08786371350288391
2020-04-15,0.0867229700088501
2020-04-16,0.09320516884326935
2020-04-17,0.09721212834119797
2020-04-20,0.09687735140323639
2020-04-22,0.09839897602796555
2020-04-23,0.09870331734418869
2020-04-24,0.09657303988933563
2020-04-27,0.09768892824649811
2020-04-28,0.09804395586252213
2020-04-29,0.09850043803453445
2020-04-30,0.09921051561832428
2020-05-04,0.09814538061618805
2020-05-05,0.09910911321640015
2020-05-06,0.10014381259679794
2020-05-07,0.10002205520868301
2020-05-08,0.09941340982913971
2020-05-11,0.09915977716445923
2020-05-12,0.09864246100187302
2020-05-13,0.09829755872488022
2020-05-14,0.09702952206134796
2020-05-15,0.09756714850664139
2020-05-18,0.10379023849964142
2020-05-19,0.10552006959915161
2020-05-20,0.10656449943780899
2020-05-21,0.10648830235004425
2020-05-22,0.10660798102617264
2020-05-25,0.10569413006305695
2020-05-26,0.10417105257511139
2020-05-27,0.1038990318775177
2020-05-28,0.1038990318775177
2020-05-29,0.10324621945619583
2020-06-01,0.10411661118268967
2020-06-02,0.10342030972242355
2020-06-03,0.1038990318775177
2020-06-04,0.10400782525539398
2020-06-05,0.10482378304004669
2020-06-08,0.10444299876689911
2020-06-09,0.1045517772436142
2020-06-10,0.10463883727788925
2020-06-12,0.10424714535474777
2020-06-15,0.10346385091543198
2020-06-16,0.11093752086162567
2020-06-17,0.11128783226013184
2020-06-18,0.11607568711042404
2020-06-19,0.11414893716573715
2020-06-22,0.11531661450862885
2020-06-23,0.11677635461091995
2020-06-24,0.11619243025779724
2020-06-25,0.1162625104188919
2020-06-26,0.11734858900308609
2020-06-29,0.11785072088241577
2020-06-30,0.1214357316493988
2020-07-01,0.12260349094867706
2020-07-06,0.11769889295101166
2020-07-07,0.11953224986791611
2020-07-08,0.11987090110778809
2020-07-10,0.12178600579500198
2020-07-13,0.12027965486049652
2020-07-14,0.12041977792978287
2020-07-15,0.12873747944831848
2020-07-16,0.12226814031600952
2020-07-17,0.12203087657690048
2020-07-20,0.11995767056941986
2020-07-21,0.12002012878656387
2020-07-22,0.12031988054513931
2020-07-23,0.11999517679214478
2020-07-24,0.11995767056941986
2020-07-27,0.12015755474567413
2020-07-28,0.12053219228982925
2020-07-29,0.12089437991380692
2020-07-30,0.12101920694112778
2020-07-31,0.12101920694112778
2020-08-03,0.11954556405544281
2020-08-04,0.11905845254659653
2020-08-05,0.11984529346227646
2020-08-06,0.1191084235906601
2020-08-07,0.11975784599781036
2020-08-10,0.11955803632736206
2020-08-11,0.12021995335817337
2020-08-12,0.12026989459991455
2020-08-13,0.12916532158851624
2020-08-14,0.12917880713939667
2020-08-17,0.1280314177274704
2020-08-18,0.12796393036842346
2020-08-19,0.1271270364522934
2020-08-20,0.1274239420890808
2020-08-21,0.12718097865581512
2020-08-24,0.1282339096069336
2020-08-25,0.12870630621910095
2020-08-26,0.12816639244556427
2020-08-27,0.12832841277122498
2020-08-28,0.12847687304019928
2020-08-31,0.12915180623531342
2020-09-01,0.12894925475120544
2020-09-02,0.1290438026189804
2020-09-03,0.12958373129367828
2020-09-04,0.12957018613815308
2020-09-08,0.1293947696685791
2020-09-09,0.13009662926197052
2020-09-10,0.13021814823150635
2020-09-11,0.1300426721572876
2020-09-14,0.13929378986358643
2020-09-15,0.13949868083000183
2020-09-16,0.14021602272987366
2020-09-17,0.14036233723163605
2020-09-18,0.1408746987581253
2020-09-21,0.14052338898181915
2020-09-22,0.14124056696891785
2020-09-23,0.14059661328792572
2020-09-24,0.14146021008491516
2020-09-25,0.1412551999092102
2020-09-28,0.14173832535743713
2020-09-29,0.14126993715763092
2020-09-30,0.14169441163539886
2020-10-01,0.14318746328353882
2020-10-02,0.14478299021720886
2020-10-05,0.14492937922477722
2020-10-06,0.14485616981983185
2020-10-07,0.14469516277313232
2020-10-08,0.14476831257343292
2020-10-09,0.14506113529205322
2020-10-13,0.14621752500534058
2020-10-14,0.1562029868364334
2020-10-15,0.1561715006828308
2020-10-16,0.15601365268230438
2020-10-19,0.1561872363090515
2020-10-20,0.1562187820672989
2020-10-21,0.15648697316646576
2020-10-22,0.15651854872703552
2020-10-23,0.1569601446390152
2020-10-26,0.1553826928138733
2020-10-27,0.15446773171424866
2020-10-28,0.15300075709819794
2020-10-29,0.1538051962852478
2020-10-30,0.15142323076725006
2020-11-03,0.15205426514148712
2020-11-04,0.15300075709819794
2020-11-05,0.15361593663692474
2020-11-06,0.1538051962852478
2020-11-09,0.1542942374944687
2020-11-10,0.1553668975830078
2020-11-11,0.17003722488880157
2020-11-12,0.1689261794090271
2020-11-13,0.1695164442062378
2020-11-16,0.168422669172287
2020-11-17,0.1692039519548416
2020-11-18,0.16927337646484375
2020-11-19,0.169186532497406
2020-11-23,0.16927337646484375
2020-11-24,0.16923867166042328
2020-11-25,0.1685442179441452
2020-11-26,0.1680580973625183
2020-11-27,0.16814491152763367
2020-11-30,0.16814491152763367
2020-12-01,0.1680580973625183
2020-12-02,0.1683879792690277
2020-12-03,0.16823169589042664
2020-12-04,0.1696900725364685
2020-12-07,0.16962064802646637
2020-12-08,0.17033246159553528
2020-12-09,0.17007197439670563
2020-12-10,0.17100952565670013
2020-12-11,0.18925699591636658
2020-12-14,0.18985947966575623
2020-12-15,0.1913946270942688
2020-12-16,0.19160841405391693
2020-12-17,0.1941346824169159
2020-12-18,0.19374606013298035
2020-12-21,0.19625285267829895
2020-12-22,0.1963694840669632
2020-12-23,0.19949807226657867
2020-12-28,0.20091670751571655
2020-12-29,0.20254918932914734
2020-12-30,0.2023935616016388
2021-01-04,0.20039203763008118
2021-01-05,0.20132488012313843
2021-01-06,0.20208275318145752
2021-01-07,0.20087788999080658
2021-01-08,0.20074188709259033
2021-01-11,0.19802118837833405
2021-01-12,0.19850711524486542
2021-01-13,0.20048922300338745
2021-01-14,0.21927501261234283
2021-01-15,0.21856491267681122
2021-01-18,0.2177257388830185
2021-01-19,0.21518652141094208
2021-01-20,0.2147992104291916
2021-01-21,0.21518652141094208
2021-01-22,0.2165852189064026
2021-01-26,0.21542319655418396
2021-01-27,0.21548773348331451
2021-01-28,0.21723076701164246
2021-01-29,0.2194902002811432
2021-02-01,0.21927501261234283
2021-02-02,0.21994206309318542
2021-02-03,0.2203294187784195
2021-02-04,0.22099651396274567
2021-02-05,0.2216421365737915
2021-02-08,0.2216421365737915
2021-02-09,0.22185726463794708
2021-02-10,0.2220509797334671
2021-02-11,0.2411440759897232
2021-02-12,0.23956304788589478
2021-02-17,0.2395390272140503
2021-02-18,0.2395390272140503
2021-02-19,0.23944318294525146
2021-02-22,0.239299476146698
2021-02-23,0.23965883255004883
2021-02-24,0.23932340741157532
2021-02-25,0.2395390272140503
2021-02-26,0.23946712911128998
2021-03-01,0.23951509594917297
2021-03-02,0.23884429037570953
2021-03-03,0.23920367658138275
2021-03-04,0.24315641820430756
2021-03-05,0.24210229516029358
2021-03-08,0.24138374626636505
2021-03-09,0.23951509594917297
2021-03-10,0.23973070085048676
2021-03-11,0.2652105689048767
2021-03-12,0.2665487825870514
2021-03-15,0.2647019624710083
2021-03-16,0.26392585039138794
2021-03-17,0.26630792021751404
2021-03-18,0.2682884633541107
2021-03-19,0.2687167823314667
2021-03-22,0.2681814432144165
2021-03-23,0.2688773572444916
2021-03-24,0.2697606086730957
2021-03-25,0.27010858058929443
2021-03-26,0.2712593674659729
2021-03-29,0.27166086435317993
2021-03-30,0.27166086435317993
2021-03-31,0.27166086435317993
2021-04-01,0.2735344171524048
2021-04-05,0.27618408203125
2021-04-06,0.2751401960849762
2021-04-07,0.2779772877693176
2021-04-08,0.27567559480667114
2021-04-09,0.27696019411087036
2021-04-12,0.2759164273738861
2021-04-13,0.27674615383148193
2021-04-14,0.30504363775253296
2021-04-15,0.3031453788280487
2021-04-16,0.3036494851112366
2021-04-19,0.3028486371040344
2021-04-20,0.3028486371040344
2021-04-22,0.302344411611557
2021-04-23,0.3031749129295349
2021-04-26,0.3025520145893097
2021-04-27,0.30225539207458496
2021-04-28,0.30083170533180237
2021-04-29,0.30225539207458496
2021-04-30,0.3025520145893097
2021-05-03,0.3027894198894501
2021-05-04,0.3031453788280487
2021-05-05,0.30264100432395935
2021-05-06,0.30003076791763306
2021-05-07,0.3001493811607361
2021-05-10,0.29881471395492554
2021-05-11,0.2992892563343048
2021-05-12,0.2996155917644501
2021-05-13,0.3310389816761017
2021-05-14,0.33090654015541077
2021-05-17,0.33074116706848145
2021-05-18,0.33037689328193665
2021-05-19,0.3302444815635681
2021-05-20,0.33007898926734924
2021-05-21,0.3300459086894989
2021-05-24,0.32961544394493103
2021-05-25,0.32974785566329956
2021-05-26,0.3304098844528198
2021-05-27,0.3304762542247772
2021-05-28,0.3304098844528198
2021-05-31,0.3304098844528198
2021-06-01,0.32915198802948
2021-06-02,0.32974785566329956
2021-06-04,0.330575555562973
2021-06-07,0.33107224106788635
2021-06-08,0.3336876332759857
2021-06-09,0.334713876247406
2021-06-10,0.33623677492141724
2021-06-11,0.3352105915546417
2021-06-14,0.36577436327934265
2021-06-15,0.367096871137619
2021-06-16,0.36845606565475464
2021-06-17,0.36882346868515015
2021-06-18,0.36955806612968445
2021-06-21,0.3705499470233917
2021-06-22,0.37080708146095276
2021-06-23,0.37029287219047546
2021-06-24,0.3708439767360687
2021-06-25,0.36074158549308777
2021-06-28,0.36088865995407104
2021-06-29,0.3647090792655945
2021-06-30,0.36816224455833435
2021-07-01,0.3705499470233917
2021-07-02,0.3711376488208771
2021-07-05,0.3680887818336487
2021-07-06,0.37176230549812317
2021-07-07,0.36992549896240234
2021-07-08,0.37029287219047546
2021-07-12,0.37194597721099854
2021-07-13,0.3714683949947357
2021-07-14,0.4093001186847687
2021-07-15,0.40771016478538513
2021-07-16,0.4082808494567871
2021-07-19,0.4076694846153259
2021-07-20,0.4065280854701996
2021-07-21,0.40591639280319214
2021-07-22,0.4072209298610687
2021-07-23,0.40599796175956726
2021-07-26,0.40656861662864685
2021-07-27,0.4064056873321533
2021-07-28,0.4074655771255493
2021-07-29,0.40644651651382446
2021-07-30,0.4064056873321533
2021-08-02,0.40701720118522644
2021-08-03,0.4073432683944702
2021-08-04,0.4072616696357727
2021-08-05,0.405549556016922
2021-08-06,0.40685415267944336
2021-08-09,0.4074655771255493
2021-08-10,0.4074655771255493
2021-08-11,0.4072616696357727
2021-08-12,0.4461738169193268
2021-08-13,0.44658178091049194
2021-08-16,0.44694480299949646
2021-08-17,0.4435434639453888
2021-08-18,0.44549360871315
2021-08-19,0.44445040822029114
2021-08-20,0.4435434639453888
2021-08-23,0.4437701404094696
2021-08-24,0.4453575015068054
2021-08-25,0.4467179477214813
2021-08-26,0.44662734866142273
2021-08-27,0.444858580827713
2021-08-30,0.44644588232040405
2021-08-31,0.4462645649909973
2021-09-01,0.4467179477214813
2021-09-02,0.4480786621570587
2021-09-03,0.4480786621570587
2021-09-06,0.4467179477214813
2021-09-08,0.4458564817905426
2021-09-09,0.44621920585632324
2021-09-10,0.448985755443573
2021-09-13,0.44966599345207214
2021-09-14,0.4948039948940277
2021-09-15,0.49646830558776855
2021-09-16,0.49551019072532654
2021-09-17,0.4949553310871124
2021-09-20,0.49329107999801636
2021-09-21,0.4937449097633362
2021-09-22,0.4934927821159363
2021-09-23,0.493997186422348
2021-09-24,0.49389612674713135
2021-09-27,0.49319013953208923
2021-09-28,0.49313968420028687
2021-09-29,0.4929380714893341
2021-09-30,0.49475356936454773
2021-10-01,0.49424922466278076
2021-10-04,0.49545952677726746
2021-10-05,0.49636727571487427
2021-10-06,0.4972754418849945
2021-10-07,0.4967709481716156
2021-10-08,0.4983343183994293
2021-10-11,0.5043359398841858
2021-10-13,0.5031759738922119
2021-10-14,0.5533422827720642
2021-10-15,0.5548555254936218
2021-10-18,0.5554720163345337
2021-10-19,0.5524454116821289
2021-10-20,0.5507638454437256
2021-10-21,0.5508760213851929
2021-10-22,0.5500912666320801
2021-10-25,0.5506516098976135
2021-10-26,0.5498670339584351
2021-10-27,0.5487459897994995
2021-10-28,0.5484657883644104
2021-10-29,0.549026370048523
2021-11-01,0.5495307445526123
2021-11-03,0.5495867729187012
2021-11-04,0.5493065118789673
2021-11-05,0.5498670339584351
2021-11-08,0.5492505431175232
2021-11-09,0.5493065118789673
2021-11-10,0.5490822196006775
2021-11-11,0.5493065118789673
2021-11-12,0.6076741218566895
2021-11-16,0.6067367792129517
2021-11-17,0.6034247875213623
2021-11-18,0.5977379679679871
2021-11-19,0.6009875535964966
2021-11-22,0.5968629717826843
2021-11-23,0.5949258804321289
2021-11-24,0.5936758518218994
2021-11-25,0.5936758518218994
2021-11-26,0.59223872423172
2021-11-29,0.5953631401062012
2021-11-30,0.5986754894256592
2021-12-01,0.6018001437187195
2021-12-02,0.6009251475334167
2021-12-03,0.6061744689941406
2021-12-06,0.606924295425415
2021-12-07,0.6077991724014282
2021-12-08,0.6119239926338196
2021-12-09,0.6111738681793213
2021-12-10,0.6120487451553345
2021-12-13,0.66939777135849
2021-12-14,0.6685625910758972
2021-12-15,0.6674490571022034
2021-12-16,0.6657092571258545
2021-12-17,0.6609069108963013
2021-12-20,0.6616028547286987
2021-12-21,0.6611852049827576
2021-12-22,0.6625074148178101
2021-12-23,0.6624378561973572
2021-12-27,0.6599323749542236
2021-12-28,0.665361225605011
2021-12-29,0.6741999983787537
2021-12-30,0.6678667664527893
2022-01-03,0.6761488318443298
2022-01-04,0.6756615042686462
2022-01-05,0.675035297870636
2022-01-06,0.6746176481246948
2022-01-07,0.6784455180168152
2022-01-10,0.6773320436477661
2022-01-11,0.6782369613647461
2022-01-12,0.6816474199295044
2022-01-13,0.7577778100967407
2022-01-14,0.7593461275100708
2022-01-17,0.7601298689842224
2022-01-18,0.7587969899177551
2022-01-19,0.7580131888389587
2022-01-20,0.7598947286605835
2022-01-21,0.7624821066856384
2022-01-24,0.7628740668296814
2022-01-25,0.7627173066139221
2022-01-26,0.7613059878349304
2022-01-27,0.7597380876541138
2022-01-28,0.7600513100624084
2022-01-31,0.7581698298454285
2022-02-01,0.7615411877632141
2022-02-02,0.7638931274414062
2022-02-03,0.7641288042068481
2022-02-04,0.7644418478012085
2022-02-07,0.7637364864349365
2022-02-08,0.7628740668296814
2022-02-09,0.7613059878349304
2022-02-10,0.7624821066856384
2022-02-11,0.8514161109924316
2022-02-14,0.8491175770759583
2022-02-15,0.8526533246040344
2022-02-16,0.8495595455169678
2022-02-17,0.851593017578125
2022-02-18,0.8513277769088745
2022-02-21,0.8498251438140869
2022-02-22,0.8486757278442383
2022-02-23,0.8477030396461487
2022-02-24,0.8441669940948486
2022-02-25,0.8442555665969849
2022-03-02,0.8468191623687744
2022-03-03,0.8510624766349792
2022-03-04,0.8505322337150574
2022-03-07,0.8514161109924316
2022-03-08,0.8484987616539001
2022-03-09,0.8526533246040344
2022-03-10,0.8504435420036316
2022-03-11,0.851858377456665
2022-03-14,0.9440694451332092
2022-03-15,0.9428721070289612
2022-03-16,0.9411755204200745
2022-03-17,0.9420735836029053
2022-03-18,0.943071722984314
2022-03-21,0.9411755204200745
2022-03-22,0.9440694451332092
2022-03-23,0.9466645121574402
2022-03-24,0.943071722984314
2022-03-25,0.94586580991745
2022-03-28,0.9448679685592651
2022-03-29,0.9480611681938171
2022-03-30,0.9470633268356323
2022-03-31,0.9480611681938171
2022-04-01,0.9480611681938171
2022-04-04,0.9538495540618896
2022-04-05,0.9555462002754211
2022-04-06,0.9481614828109741
2022-04-07,0.9473630785942078
2022-04-08,0.950855553150177
2022-04-11,0.9505562782287598
2022-04-12,0.952452540397644
2022-04-13,1.0623159408569336
2022-04-14,1.0647975206375122
2022-04-18,1.0602856874465942
2022-04-19,1.0614136457443237
2022-04-20,1.059721827507019
2022-04-22,1.0610754489898682
2022-04-25,1.0625416040420532
2022-04-26,1.0636696815490723
2022-04-27,1.0645719766616821
2022-04-28,1.0670535564422607
2022-04-29,1.0703246593475342
2022-05-02,1.061639428138733
2022-05-03,1.0580298900604248
2022-05-04,1.0557738542556763
2022-05-05,1.0591579675674438
2022-05-06,1.060849666595459
2022-05-09,1.061639428138733
2022-05-10,1.0675042867660522
2022-05-11,1.0591579675674438
2022-05-12,1.1757795810699463
2022-05-13,1.1810057163238525
2022-05-16,1.182662844657898
2022-05-17,1.184701919555664
2022-05-18,1.1872509717941284
2022-05-19,1.1804959774017334
2022-05-20,1.1903094053268433
2022-05-23,1.1917120218276978
2022-05-24,1.193623661994934
2022-05-25,1.1927313804626465
2022-05-26,1.191329836845398
2022-05-27,1.1915847063064575
2022-05-30,1.1910749673843384
2022-05-31,1.1961729526519775
2022-06-01,1.2036930322647095
2022-06-02,1.2025457620620728
2022-06-03,1.204457402229309
2022-06-06,1.2075163125991821
2022-06-07,1.2068791389465332
2022-06-08,1.204457402229309
2022-06-09,1.204457402229309
2022-06-10,1.2010159492492676
2022-06-13,1.338143229484558
2022-06-14,1.3335137367248535
2022-06-15,1.3310550451278687
2022-06-17,1.326570987701416
2022-06-20,1.3296082019805908
2022-06-21,1.325269103050232
2022-06-22,1.3249800205230713
2022-06-23,1.323967456817627
2022-06-24,1.3249800205230713
2022-06-27,1.3236780166625977
2022-06-28,1.3105151653289795
2022-06-29,1.314854621887207
2022-06-30,1.3139866590499878
2022-07-01,1.311672329902649
2022-07-04,1.3251243829727173
2022-07-05,1.3242566585540771
2022-07-06,1.3194833993911743
2022-07-07,1.321074366569519
2022-07-08,1.3193387985229492
2022-07-11,1.3184704780578613
2022-07-12,1.315577745437622
2022-07-13,1.4710776805877686
2022-07-14,1.4644951820373535
2022-07-15,1.4694323539733887
2022-07-18,1.476014256477356
2022-07-19,1.476836919784546
2022-07-20,1.4753559827804565
2022-07-21,1.4746975898742676
2022-07-22,1.476014256477356
2022-07-25,1.4663053750991821
2022-07-26,1.4636728763580322
2022-07-27,1.4557740688323975
2022-07-28,1.4455726146697998
2022-07-29,1.44606614112854
2022-08-01,1.4529776573181152
2022-08-02,1.4694323539733887
2022-08-03,1.4677863121032715
2022-08-04,1.4671286344528198
2022-08-05,1.4710776805877686
2022-08-08,1.4770011901855469
2022-08-09,1.4773309230804443
2022-08-10,1.473710298538208
2022-08-11,1.64329195022583
2022-08-12,1.668616533279419
2022-08-15,1.6678664684295654
2022-08-16,1.6787467002868652
2022-08-17,1.6858751773834229
2022-08-18,1.6763081550598145
2022-08-19,1.6789342164993286
2022-08-22,1.6873754262924194
2022-08-23,1.6870007514953613
2022-08-24,1.6871885061264038
2022-08-25,1.6883138418197632
2022-08-26,1.6883138418197632
2022-08-29,1.6870007514953613
2022-08-30,1.6843745708465576
2022-08-31,1.6729313135147095
2022-09-01,1.7068852186203003
2022-09-02,1.7070735692977905
2022-09-05,1.7127001285552979
2022-09-06,1.7166399955749512
2022-09-08,1.707260012626648
2022-09-09,1.7143888473510742
2022-09-12,1.7134504318237305
2022-09-13,1.7151389122009277
2022-09-14,1.9192155599594116
2022-09-15,1.9311579465866089
2022-09-16,1.9294525384902954
2022-09-19,1.9358489513397217
2022-09-20,1.9386205673217773
2022-09-21,1.9388341903686523
2022-09-22,1.9360624551773071
2022-09-23,1.9367014169692993
2022-09-26,1.9388341903686523
2022-09-27,1.9388341903686523
2022-09-28,1.940540075302124
2022-09-29,1.937127947807312
2022-09-30,1.9437389373779297
2022-10-03,1.9482171535491943
2022-10-04,1.9588795900344849
2022-10-05,1.9652764797210693
2022-10-06,1.9620788097381592
2022-10-07,1.9682623147964478
2022-10-10,1.9778586626052856
2022-10-11,1.9784984588623047
2022-10-13,1.9851086139678955
2022-10-14,2.204073905944824
2022-10-17,2.191575527191162
2022-10-18,2.186528205871582
2022-10-19,2.1800379753112793
2022-10-20,2.1697030067443848
2022-10-21,2.170424222946167
2022-10-24,2.1557624340057373
2022-10-25,2.1624915599823
2022-10-26,2.160569190979004
2022-10-27,2.158646583557129
2022-10-28,2.1632132530212402
2022-10-31,2.1656172275543213
2022-11-01,2.1699435710906982
2022-11-03,2.1632132530212402
2022-11-04,2.168020248413086
2022-11-07,2.1632132530212402
2022-11-08,2.166337728500366
2022-11-09,2.1576852798461914
2022-11-10,2.1509552001953125
2022-11-11,2.139418125152588
2022-11-14,2.317193031311035
2022-11-16,2.325164794921875
2022-11-17,2.2693612575531006
2022-11-18,2.283179998397827
2022-11-21,2.2858376502990723
2022-11-22,2.260061502456665
2022-11-23,2.258732318878174
2022-11-24,2.2411935329437256
2022-11-25,2.24013090133667
2022-11-28,2.2220611572265625
2022-11-29,2.209306478500366
2022-11-30,2.2148869037628174
2022-12-01,2.1992080211639404
2022-12-02,2.2714877128601074
2022-12-05,2.260061502456665
2022-12-06,2.2558093070983887
2022-12-07,2.2627179622650146
2022-12-08,2.258732318878174
2022-12-09,2.2680323123931885
2022-12-12,2.207977294921875
2022-12-13,2.2388479709625244
2022-12-14,2.213817834854126
2022-12-15,2.1765501499176025
2022-12-16,2.1637563705444336
2022-12-19,2.1017355918884277
2022-12-20,2.137056827545166
2022-12-21,2.1865625381469727
2022-12-22,2.1707096099853516
2022-12-23,2.2441320419311523
2022-12-26,2.279175281524658
2022-12-27,2.2775063514709473
2022-12-28,2.2747256755828857
2022-12-29,2.283069372177124
2023-01-02,2.2886316776275635
2023-01-03,2.269719123840332
2023-01-04,2.266659736633301
2023-01-05,2.2805655002593994
2023-01-06,2.299478054046631
2023-01-09,2.281956195831299
2023-01-10,2.2780628204345703
2023-01-11,2.253309965133667
2023-01-12,2.3590564727783203
2023-01-13,2.3455758094787598
2023-01-16,2.321610927581787
2023-01-17,2.327601671218872
2023-01-18,2.365945816040039
2023-01-19,2.3695404529571533
2023-01-20,2.396501302719116
2023-01-23,2.351567029953003
2023-01-24,2.3425800800323486
2023-01-25,2.3326940536499023
2023-01-26,2.322209596633911
2023-01-27,2.318615198135376
2023-01-30,2.306932210922241
2023-01-31,2.327002763748169
2023-02-01,2.348271369934082
2023-02-02,2.3710386753082275
2023-02-03,2.3731348514556885
2023-02-06,2.3557608127593994
2023-02-07,2.3617515563964844
2023-02-08,2.341381788253784
2023-02-09,2.3440778255462646
2023-02-10,2.3365888595581055
2023-02-13,2.526498556137085
2023-02-14,2.524179220199585
2023-02-15,2.5361104011535645
2023-02-16,2.55897855758667
2023-02-17,2.591458797454834
2023-02-22,2.586819648742676
2023-02-23,2.578864336013794
2023-02-24,2.5921218395233154
2023-02-27,2.594774007797241
2023-02-28,2.612670660018921
2023-03-01,2.594774007797241
2023-03-02,2.561631441116333
2023-03-03,2.6040537357330322
2023-03-06,2.618304967880249
2023-03-07,2.6120073795318604
2023-03-08,2.580190658569336
2023-03-09,2.5957674980163574
2023-03-10,2.5825107097625732
2023-03-13,2.792945623397827
2023-03-14,2.7856006622314453
2023-03-15,2.7863352298736572
2023-03-16,2.7980871200561523
2023-03-17,2.800290584564209
2023-03-20,2.781193733215332
2023-03-21,2.7749505043029785
2023-03-22,2.7690742015838623
2023-03-23,2.7492430210113525
2023-03-24,2.7499771118164062
2023-03-27,2.7591583728790283
2023-03-28,2.7690742015838623
2023-03-29,2.7690742015838623
2023-03-30,2.750344753265381
2023-03-31,2.7863352298736572
2023-04-03,2.7701759338378906
2023-04-04,2.803596258163452
2023-04-05,2.796251058578491
2023-04-06,2.7672386169433594
2023-04-10,2.807635545730591
2023-04-11,2.8197548389434814
2023-04-12,2.8278346061706543
2023-04-13,2.807635545730591
2023-04-14,3.0833394527435303
2023-04-17,3.086982250213623
2023-04-18,3.086172580718994
2023-04-19,3.051760673522949
2023-04-20,3.040424346923828
2023-04-24,3.0513556003570557
2023-04-25,3.052570104598999
2023-04-26,3.0537850856781006
2023-04-27,3.0327327251434326
2023-04-28,3.0582385063171387
2023-05-02,3.0926501750946045
2023-05-03,3.0663344860076904
2023-05-04,3.089412212371826
2023-05-05,3.0930540561676025
2023-05-08,3.1254422664642334
2023-05-09,3.149733781814575
2023-05-10,3.1691665649414062
2023-05-11,3.1853604316711426
2023-05-12,3.528358221054077
2023-05-15,3.5649142265319824
2023-05-16,3.569878578186035
2023-05-17,3.598311185836792
2023-05-18,3.58567476272583
2023-05-19,3.6393802165985107
2023-05-22,3.6244871616363525
2023-05-23,3.6479554176330566
2023-05-24,3.6583361625671387
2023-05-25,3.671875
2023-05-26,3.6524691581726074
2023-05-29,3.662397861480713
2023-05-30,3.667362689971924
2023-05-31,3.6578845977783203
2023-06-01,3.6276464462280273
2023-06-02,3.6443443298339844
2023-06-05,3.6605913639068604
2023-06-06,3.6596899032592773
2023-06-07,3.617267370223999
2023-06-09,3.6998562812805176
2023-06-12,3.6962461471557617
2023-06-13,3.6948912143707275
2023-06-14,4.093236923217773
2023-06-15,4.102302551269531
2023-06-16,4.122949123382568
2023-06-19,4.14158296585083
2023-06-20,4.16273307800293
2023-06-21,4.136042594909668
2023-06-22,4.128490447998047
2023-06-23,4.1707916259765625
2023-06-26,4.1677703857421875
2023-06-27,4.179855823516846
2023-06-28,4.227193355560303
2023-06-29,4.270503520965576
2023-06-30,4.292662620544434
2023-07-03,4.316330909729004
2023-07-04,4.330431938171387
2023-07-05,4.440216541290283
2023-07-06,4.443236827850342
2023-07-07,4.465899467468262
2023-07-10,4.425612449645996
2023-07-11,4.429136276245117
2023-07-12,4.409496307373047
2023-07-13,4.890421390533447
2023-07-14,5.438919544219971
2023-07-17,5.467557907104492
2023-07-18,5.507404327392578
2023-07-19,5.385376930236816
2023-07-20,5.3891143798828125
2023-07-21,5.408412933349609
2023-07-24,5.284517288208008
2023-07-25,5.267706871032715
2023-07-26,5.229730129241943
2023-07-27,5.25961446762085
2023-07-28,5.303194999694824
2023-07-31,5.315024375915527
2023-08-01,5.23408842086792
2023-08-02,5.267706871032715
2023-08-03,5.322495460510254
2023-08-04,5.366077423095703
2023-08-07,5.425845146179199
2023-08-08,5.428335189819336
2023-08-09,5.4439005851745605
2023-08-10,5.47129487991333
2023-08-11,6.050427436828613
2023-08-14,5.973536014556885
2023-08-15,5.936819076538086
2023-08-16,5.983231544494629
2023-08-17,5.992238521575928
2023-08-18,6.047656059265137
2023-08-21,6.044195175170898
2023-08-22,5.964527606964111
2023-08-23,5.972841262817383
2023-08-24,5.9763054847717285
2023-08-25,6.013713359832764
2023-08-28,5.961063861846924
2023-08-29,5.999164581298828
2023-08-30,6.051121234893799
2023-08-31,6.071903705596924
2023-09-01,6.096842288970947
2023-09-04,6.120395183563232
2023-09-05,6.137022972106934
2023-09-06,6.152954578399658
2023-09-08,6.209068298339844
2023-09-11,6.23331356048584
2023-09-12,6.24162483215332
2023-09-13,6.19936990737915
2023-09-14,6.79962682723999
2023-09-15,6.735042572021484
2023-09-18,6.830019950866699
2023-09-19,6.8421759605407715
2023-09-20,6.868010520935059
2023-09-21,6.699329376220703
2023-09-22,6.69780969619751
2023-09-25,6.503297328948975
2023-09-26,6.542046546936035
2023-09-27,6.640823841094971
2023-09-28,6.549644947052002
2023-09-29,6.625627517700195
2023-10-02,6.549644947052002
2023-10-03,6.671216011047363
2023-10-04,6.618028163909912
2023-10-05,6.602832317352295
2023-10-06,6.671216011047363
2023-10-09,6.625627517700195
2023-10-10,6.52685022354126
2023-10-11,6.534449100494385
2023-10-13,6.430459022521973
2023-10-16,6.331058502197266
2023-10-17,6.277536392211914
2023-10-18,6.201073169708252
2023-10-19,6.116966247558594
2023-10-20,6.055795192718506
2023-10-23,6.185781002044678
2023-10-24,6.116966247558594
2023-10-25,6.01756477355957
2023-10-26,5.994626522064209
2023-10-27,6.078734397888184
2023-10-30,6.009918212890625
2023-10-31,5.9869794845581055
2023-11-01,6.208719730377197
2023-11-03,6.239305019378662
2023-11-06,6.285182952880859
2023-11-07,6.285182952880859
2023-11-08,6.262242794036865
2023-11-09,6.246951580047607
2023-11-10,6.086380481719971
2023-11-13,6.116966247558594
2023-11-14,6.179375648498535
2023-11-16,6.156260967254639
2023-11-17,6.187081336975098
2023-11-20,6.140849590301514
2023-11-21,6.094621181488037
2023-11-22,6.094621181488037
2023-11-23,6.063801288604736
2023-11-24,6.063801288604736
2023-11-27,6.063801288604736
2023-11-28,6.194784641265869
2023-11-29,6.12544059753418
2023-11-30,6.086916923522949
2023-12-01,6.079211711883545
2023-12-04,6.133145809173584
2023-12-05,6.217899799346924
2023-12-06,6.217899799346924
2023-12-07,6.133145809173584
2023-12-08,6.156260967254639
2023-12-11,6.163966178894043
2023-12-12,6.117735862731934
2023-12-13,6.110748291015625
2023-12-14,6.134042263031006
2023-12-15,6.17286491394043
2023-12-18,6.196158409118652
2023-12-19,6.242745876312256
2023-12-20,6.203924179077148
2023-12-21,6.28156852722168
2023-12-22,6.537802219390869
2023-12-26,6.514507293701172
2023-12-27,6.576625347137451
2023-12-28,6.592153072357178
2024-01-02,6.662034511566162
2024-01-03,6.646505832672119
2024-01-04,6.630976676940918
2024-01-05,6.646505832672119
2024-01-08,6.700857162475586
2024-01-09,6.677565097808838
2024-01-10,6.677565097808838
2024-01-11,6.6232123374938965
2024-01-12,6.6505961418151855
2024-01-15,6.556706428527832
2024-01-16,6.5801801681518555
2024-01-17,6.572353839874268
2024-01-18,6.619300365447998
2024-01-19,6.674068450927734
2024-01-22,6.6505961418151855
2024-01-23,6.556706428527832
2024-01-24,6.533233165740967
2024-01-25,6.603650093078613
2024-01-26,6.634947776794434
2024-01-29,6.627123832702637
2024-01-30,6.627123832702637
2024-01-31,6.6662468910217285
2024-02-01,6.611474990844727
2024-02-02,6.619300365447998
2024-02-05,6.611474990844727
2024-02-06,6.627123832702637
2024-02-07,6.634947776794434
2024-02-08,6.674068450927734
2024-02-09,6.681893825531006
2024-02-14,6.681893825531006
2024-02-15,6.713449001312256
2024-02-16,6.705560684204102
2024-02-19,6.713449001312256
2024-02-20,6.705560684204102
2024-02-21,6.721339702606201
2024-02-22,6.7450056076049805
2024-02-23,6.721339702606201
2024-02-26,6.73711633682251
2024-02-27,6.674005031585693
2024-02-28,6.721339702606201
2024-02-29,6.721339702606201
2024-03-01,6.729226589202881
2024-03-04,6.729226589202881
2024-03-05,6.721339702606201
2024-03-06,6.721339702606201
2024-03-07,6.73711633682251
2024-03-08,6.713449001312256
2024-03-11,6.6661152839660645
2024-03-12,6.634561061859131
2024-03-13,6.679141521453857
2024-03-14,6.647298336029053
2024-03-15,6.687100887298584
2024-03-18,6.734867095947266
2024-03-19,6.734867095947266
2024-03-20,6.74282693862915
2024-03-21,6.774670124053955
2024-03-22,6.790592193603516
2024-03-25,6.774670124053955
2024-03-26,6.76671028137207
2024-03-27,6.790592193603516
2024-03-28,6.8144755363464355
2024-04-01,6.846319198608398
2024-04-02,6.806514739990234
2024-04-03,6.870201110839844
2024-04-04,6.870201110839844
2024-04-05,6.957769870758057
2024-04-08,6.917965412139893
2024-04-09,6.925926685333252
2024-04-10,6.8940839767456055
2024-04-11,6.877213001251221
2024-04-12,6.853108882904053
2024-04-15,6.861144065856934
2024-04-16,6.812939167022705
2024-04-17,6.772768974304199
2024-04-18,6.829007148742676
2024-04-19,6.796871185302734
2024-04-22,6.812939167022705
2024-04-23,6.861144065856934
2024-04-24,6.829007148742676
2024-04-25,6.812939167022705
2024-04-26,6.796871185302734
2024-04-29,6.83704137802124
2024-04-30,6.885246276855469
2024-05-02,6.877213001251221
2024-05-03,6.83704137802124
2024-05-06,6.853108882904053
2024-05-07,6.877213001251221
2024-05-08,6.901314735412598
2024-05-09,6.861144065856934
2024-05-10,6.885246276855469
2024-05-13,6.829007148742676
2024-05-14,6.796566009521484
2024-05-15,6.796566009521484
2024-05-16,6.8695597648620605
2024-05-17,6.934443473815918
2024-05-20,6.926333427429199
2024-05-21,6.90200138092041
2024-05-22,6.90200138092041
2024-05-23,6.8695597648620605
2024-05-24,6.918221473693848
2024-05-27,6.926333427429199
2024-05-28,6.893890857696533
2024-05-29,6.804676055908203
2024-05-31,6.804676055908203
2024-06-03,6.788455486297607
2024-06-04,6.780344486236572
2024-06-05,6.780344486236572
2024-06-06,6.812786102294922
2024-06-07,6.804676055908203
2024-06-10,6.829006195068359
2024-06-11,6.796566009521484
2024-06-12,6.756012439727783
2024-06-13,6.738000869750977
2024-06-14,6.778936862945557
2024-06-17,6.778936862945557
2024-06-18,6.746189117431641
2024-06-19,6.705251693725586
2024-06-20,6.705251693725586
2024-06-21,6.754375457763672
2024-06-24,6.71343994140625
2024-06-25,6.680691719055176
2024-06-26,6.697066307067871
2024-06-27,6.721628189086914
2024-06-28,6.770750522613525
2024-07-01,6.697066307067871
2024-07-02,6.738000869750977
2024-07-03,6.738000869750977
2024-07-04,6.770750522613525
2024-07-05,6.811685085296631
2024-07-08,6.828060150146484
2024-07-09,6.8198723793029785
2024-07-10,6.803500652313232
2024-07-11,6.8423380851745605
2024-07-12,6.850602149963379
2024-07-15,6.883657455444336
2024-07-16,6.90018367767334
2024-07-17,6.908446788787842
2024-07-18,6.9249749183654785
2024-07-19,7.0076117515563965
2024-07-22,6.9249749183654785
2024-07-23,6.90018367767334
2024-07-24,6.834074020385742
2024-07-25,6.8423380851745605
2024-07-26,6.8919196128845215
2024-07-29,6.7679643630981445
2024-07-30,6.759700775146484
2024-07-31,6.8092827796936035
2024-08-01,6.834074020385742
2024-08-02,6.8175458908081055
2024-08-05,6.759700775146484
2024-08-06,6.759700775146484
2024-08-07,6.751437664031982
2024-08-08,6.743174076080322
2024-08-09,6.776226997375488
2024-08-12,6.7679643630981445
2024-08-13,6.768799304962158
2024-08-14,6.785490989685059
2024-08-15,6.868954181671143
2024-08-16,6.902338981628418
2024-08-19,7.002493858337402
2024-08-20,6.952417850494385
2024-08-21,6.93572473526001
2024-08-22,6.885646820068359
2024-08-23,6.927377700805664
2024-08-26,6.87730073928833
2024-08-27,6.902338981628418
2024-08-28,6.8522629737854
2024-08-29,6.835568904876709
2024-08-30,6.8522629737854
2024-09-02,6.87730073928833
2024-09-03,6.87730073928833
2024-09-04,6.885646820068359
2024-09-05,6.868954181671143
2024-09-06,6.902338981628418
2024-09-09,6.9106855392456055
2024-09-10,6.885646820068359
2024-09-11,6.8522629737854
2024-09-12,6.853104114532471
2024-09-13,6.869963645935059
2024-09-16,6.861534595489502
2024-09-17,6.844675064086914
2024-09-18,6.785670280456543
2024-09-19,6.735093116760254
2024-09-20,6.785670280456543
2024-09-23,6.718234539031982
2024-09-24,6.667657375335693
2024-09-25,6.684516429901123
2024-09-26,6.617082118988037
2024-09-27,6.6255106925964355
2024-09-30,6.583363056182861
2024-10-01,6.566506385803223
2024-10-02,6.549646377563477
2024-10-03,6.507498264312744
2024-10-04,6.473781585693359
2024-10-07,6.414775371551514
2024-10-08,6.431634426116943
2024-10-09,6.3894877433776855
2024-10-10,6.397917747497559
2024-10-11,6.467700004577637
2024-10-14,6.510251045227051
2024-10-15,6.535781383514404
2024-10-16,6.561312198638916
2024-10-17,6.586842060089111
2024-10-18,6.612371444702148
2024-10-21,6.671942710876465
2024-10-22,6.680453300476074
2024-10-23,6.467700004577637
2024-10-24,6.357067584991455
2024-10-25,6.408129692077637
2024-10-28,6.16133451461792
2024-10-29,6.152824401855469
2024-10-30,6.135805130004883
2024-10-31,6.135805130004883
2024-11-01,6.135805130004883
2024-11-04,6.118784427642822
2024-11-05,6.118784427642822
2024-11-06,6.186865329742432
2024-11-07,6.195375919342041
2024-11-08,6.195375919342041
2024-11-11,6.127294540405273
2024-11-12,6.110274314880371
2024-11-13,6.008980751037598
2024-11-14,6.129159927368164
2024-11-18,6.0776543617248535
2024-11-19,6.0776543617248535
2024-11-21,6.034733295440674
2024-11-22,6.034733295440674
2024-11-25,6.026147842407227
2024-11-26,6.034733295440674
2024-11-27,6.000395774841309
2024-11-28,5.897385597229004
2024-11-29,5.914552688598633
2024-12-02,5.794374465942383
2024-12-03,5.768620014190674
2024-12-04,5.6913628578186035
2024-12-05,5.5711822509765625
2024-12-06,5.631272792816162
2024-12-09,5.562598705291748
2024-12-10,5.554014682769775
2024-12-11,5.657026290893555
2024-12-12,5.661366939544678
2024-12-13,5.609269618988037
2024-12-16,5.479022979736328
2024-12-17,5.35745906829834
2024-12-18,5.305360794067383
2024-12-19,5.461655616760254
2024-12-20,5.505072116851807
2024-12-23,5.591902256011963
2024-12-26,5.644001483917236
2024-12-27,5.947909355163574
2024-12-30,5.9305419921875
2025-01-02,5.861078262329102
2025-01-03,5.88712739944458
2025-01-06,5.8697614669799805
2025-01-07,5.878444671630859
2025-01-08,5.921860218048096
2025-01-09,5.782929420471191
2025-01-10,5.756881237030029
2025-01-13,5.704782009124756
2025-01-14,5.6125569343566895
2025-01-15,5.68282413482666
2025-01-16,5.68282413482666
2025-01-17,5.551074028015137
2025-01-20,5.524724006652832
2025-01-21,5.603773593902588
2025-01-22,5.515941143035889
2025-01-23,5.533507823944092
2025-01-24,5.507156848907471
2025-01-27,5.419323921203613
2025-01-28,5.401757717132568
2025-01-29,5.384190559387207
2025-01-30,5.401757717132568
2025-01-31,5.4544572830200195
2025-02-03,5.436890602111816
2025-02-04,5.4544572830200195
2025-02-05,5.44567346572876
2025-02-06,5.489591121673584
2025-02-07,5.603773593902588
2025-02-10,5.542291641235352
2025-02-11,5.551074028015137
2025-02-12,5.542291641235352
2025-02-13,5.493401050567627
2025-02-14,5.528957366943359
2025-02-17,5.555624485015869
2025-02-18,5.555624485015869
2025-02-19,5.493401050567627
2025-02-20,5.4845123291015625
2025-02-21,5.50229024887085
2025-02-24,5.50229024887085
2025-02-25,5.555624485015869
2025-02-26,5.537846088409424
2025-02-27,5.582291603088379
2025-02-28,5.626736164093018
2025-03-05,5.742293357849121
2025-03-06,5.875627517700195
2025-03-07,5.911184310913086
2025-03-10,5.946739673614502
2025-03-11,5.982295989990234
2025-03-12,6.053407669067383
2025-03-13,6.115631103515625
2025-03-14,6.195631980895996
2025-03-17,6.2585768699646
2025-03-18,6.321523189544678
2025-03-19,6.357491493225098
2025-03-20,6.366483211517334
2025-03-21,6.3844685554504395
2025-03-24,6.438421249389648
2025-03-25,6.483382701873779
2025-03-26,6.537335395812988
2025-03-27,6.52834415435791
2025-03-28,6.492374897003174
2025-03-31,6.474390029907227
2025-04-01,6.519351005554199
2025-04-02,6.519351005554199
2025-04-03,6.483382701873779
2025-04-04,6.456405162811279
2025-04-07,6.447413921356201
2025-04-08,6.474390029907227
2025-04-09,6.438421249389648
2025-04-10,6.465398788452148
2025-04-11,6.449025630950928
2025-04-14,6.4581217765808105
2025-04-15,6.640040874481201
2025-04-16,6.585464000701904
2025-04-17,6.658233165740967
2025-04-22,6.7037129402160645
2025-04-23,6.7855753898620605
2025-04-24,6.812863349914551
2025-04-25,6.903822898864746
2025-04-28,6.885631561279297
2025-04-29,6.885631561279297
2025-04-30,6.940206050872803
2025-05-02,6.876535415649414
2025-05-05,6.776480197906494
2025-05-06,6.712807655334473
2025-05-07,6.730999946594238
2025-05-08,6.803767204284668
2025-05-09,6.885631561279297
2025-05-12,6.803767204284668
2025-05-13,6.794672012329102
2025-05-14,6.826873779296875
2025-05-15,6.826873779296875
2025-05-16,6.86367654800415
2025-05-19,6.854475498199463
2025-05-20,6.854475498199463
2025-05-21,6.836074352264404
2025-05-22,6.8728766441345215
2025-05-23,6.836074352264404
2025-05-26,6.7624688148498535
2025-05-27,6.7624688148498535
2025-05-28,6.771669864654541
2025-05-29,6.771669864654541
2025-05-30,6.799271583557129
2025-06-02,6.7624688148498535
2025-06-03,6.753268241882324
2025-06-04,6.7624688148498535
2025-06-05,6.753268241882324
2025-06-06,6.7808709144592285
2025-06-09,6.652061939239502
2025-06-10,6.6428608894348145
2025-06-11,6.624459266662598
2025-06-12,6.658918857574463
2025-06-13,6.74273681640625
2025-06-16,6.752050399780273
2025-06-17,6.770676136016846
2025-06-18,6.770676136016846
2025-06-20,6.891747951507568
2025-06-23,6.863808631896973
2025-06-24,6.8265557289123535
2025-06-25,6.835868835449219
2025-06-26,6.835868835449219
2025-06-27,6.835868835449219
2025-06-30,6.956939697265625
2025-07-01,7.040759086608887
2025-07-02,6.928999900817871
2025-07-03,6.928999900817871
2025-07-04,7.022132396697998
2025-07-07,6.994192600250244
2025-07-08,6.994192600250244
2025-07-09,6.956939697265625
2025-07-10,6.919686794281006
2025-07-11,6.927227020263672
2025-07-14,6.9460768699646
2025-07-15,6.974351406097412
2025-07-16,6.9460768699646
2025-07-17,6.9460768699646
2025-07-18,6.917802333831787
2025-07-21,6.908377647399902
2025-07-22,6.880103588104248
2025-07-23,6.880103588104248
2025-07-24,6.870678424835205
2025-07-25,6.870678424835205
2025-07-28,6.832979202270508
2025-07-29,6.842403888702393
2025-07-30,6.823554039001465
2025-07-31,6.861253261566162
2025-08-01,6.917802333831787
2025-08-04,6.880103588104248
2025-08-05,6.842403888702393
2025-08-06,6.832979202270508
2025-08-07,6.861253261566162
2025-08-08,6.861253261566162
2025-08-11,6.851828098297119
2025-08-12,6.861253261566162
2025-08-13,6.8383636474609375
2025-08-14,6.847900390625
2025-08-15,6.924201011657715
2025-08-18,6.962350368499756
2025-08-19,6.952813148498535
2025-08-20,6.952813148498535
2025-08-21,6.943275451660156
2025-08-22,6.990962505340576
2025-08-25,6.971887588500977
2025-08-26,6.971887588500977
2025-08-27,7.000500679016113
2025-08-28,7.029112815856934
2025-08-29,7.105412006378174
2025-09-01,7.095874786376953
2025-09-02,7.057725429534912
2025-09-03,7.048187255859375
2025-09-04,7.086337566375732
2025-09-05,7.105412006378174
2025-09-08,7.095874786376953
2025-09-09,7.076800346374512
2025-09-10,7.095874786376953
2025-09-11,7.09105110168457
2025-09-12,7.100698471069336
2025-09-15,7.119994640350342
2025-09-16,7.168232440948486
2025-09-17,7.187527656555176
2025-09-18,7.206822872161865
2025-09-19,7.235766410827637
2025-09-22,7.2454142570495605
2025-09-23,7.26470947265625
2025-09-24,7.322595596313477
2025-09-25,7.322595596313477
2025-09-26,7.303300380706787
2025-09-29,7.303300380706787
2025-09-30,7.3708343505859375
2025-10-01,7.380481719970703
2025-10-02,7.380481719970703
2025-10-03,7.41907262802124
2025-10-06,7.390129089355469
2025-10-07,7.35153865814209
2025-10-08,7.322595596313477
2025-10-09,7.322595596313477
2025-10-10,7.3322434425354
2025-10-13,7.312716484069824
2025-10-14,7.342006683349609
2025-10-15,7.3810601234436035
2025-10-16,7.342006683349609
2025-10-17,7.322480201721191
2025-10-20,7.322480201721191
2025-10-21,7.3908233642578125
2025-10-22,7.3908233642578125
2025-10-23,7.429876804351807
2025-10-24,7.459166526794434
2025-10-27,7.449403285980225
2025-10-28,7.4201130867004395
2025-10-29,7.3810601234436035
2025-10-30,7.3810601234436035
2025-10-31,7.429876804351807
2025-11-03,7.4103498458862305
2025-11-04,7.3908233642578125
2025-11-05,7.3908233642578125
2025-11-06,7.3810601234436035
2025-11-07,7.361533164978027
2025-11-10,7.3712968826293945
2025-11-11,7.322480201721191
2025-11-12,7.322480201721191
2025-11-13,7.3422441482543945
2025-11-14,7.3422441482543945
2025-11-17,7.3422441482543945
2025-11-18,7.3422441482543945
2025-11-19,7.332362174987793
2025-11-21,7.352126121520996
2025-11-24,7.3422441482543945
2025-11-25,7.3620076179504395
2025-11-26,7.302716255187988
2025-11-27,7.352126121520996
2025-11-28,7.431180953979492
2025-12-01,7.352126121520996
2025-12-02,7.4015350341796875
2025-12-03,7.4015350341796875
2025-12-04,7.450944900512695
2025-12-05,7.460826873779297
2025-12-08,7.5497636795043945
2025-12-09,7.529999732971191
2025-12-10,7.529999732971191
2025-12-11,7.5
2025-12-12,7.510000228881836
2025-12-15,7.519999980926514
2025-12-16,7.53000020980835
2025-12-17,7.519999980926514
2025-12-18,7.489999771118164
2025-12-19,7.519999980926514
2025-12-22,7.579999923706055
2025-12-23,7.599999904632568
2025-12-26,7.619999885559082
2025-12-29,7.699999809265137
2025-12-30,7.75
2026-01-02,7.78000020980835
2026-01-05,7.829999923706055
2026-01-06,7.820000171661377
2026-01-07,7.820000171661377
2026-01-08,7.849999904632568
2026-01-09,7.860000133514404
2026-01-12,7.840000152587891
2026-01-13,7.809999942779541
2026-01-14,7.769999980926514
2026-01-15,7.78000020980835
