Date,IMAB11.SA
2019-05-20,68.23999786376953
2019-05-21,68.5999984741211
2019-05-22,68.73999786376953
2019-05-23,68.68000030517578
2019-05-24,68.80000305175781
2019-05-27,68.75
2019-05-28,69.25
2019-05-29,69.47000122070312
2019-05-30,69.47000122070312
2019-05-31,69.5
2019-06-03,70.29000091552734
2019-06-04,70.55999755859375
2019-06-05,70.45999908447266
2019-06-06,70.36000061035156
2019-06-07,70.5999984741211
2019-06-10,70.80000305175781
2019-06-11,71.0
2019-06-12,70.8499984741211
2019-06-13,70.5999984741211
2019-06-14,70.9000015258789
2019-06-17,70.62999725341797
2019-06-18,70.94999694824219
2019-06-19,71.19999694824219
2019-06-21,71.75
2019-06-24,72.0
2019-06-25,71.80000305175781
2019-06-26,71.88999938964844
2019-06-27,72.19999694824219
2019-06-28,72.62000274658203
2019-07-01,72.8499984741211
2019-07-02,72.51000213623047
2019-07-03,72.8499984741211
2019-07-04,72.95999908447266
2019-07-05,72.62000274658203
2019-07-08,73.08000183105469
2019-07-10,73.30000305175781
2019-07-11,72.97000122070312
2019-07-12,73.04000091552734
2019-07-15,73.0
2019-07-16,73.20999908447266
2019-07-17,73.30999755859375
2019-07-18,73.36000061035156
2019-07-19,73.36000061035156
2019-07-22,73.38999938964844
2019-07-23,73.44000244140625
2019-07-24,73.3499984741211
2019-07-25,73.54000091552734
2019-07-26,73.5
2019-07-29,73.58000183105469
2019-07-30,73.6500015258789
2019-07-31,73.61000061035156
2019-08-01,73.66999816894531
2019-08-02,73.5999984741211
2019-08-05,73.30999755859375
2019-08-06,73.62000274658203
2019-08-07,73.61000061035156
2019-08-08,74.2300033569336
2019-08-09,74.25
2019-08-12,74.0999984741211
2019-08-13,74.0999984741211
2019-08-14,73.94999694824219
2019-08-15,73.86000061035156
2019-08-16,74.0
2019-08-19,74.0
2019-08-20,73.80000305175781
2019-08-21,74.0
2019-08-22,74.16999816894531
2019-08-23,73.9000015258789
2019-08-26,73.79000091552734
2019-08-27,73.04000091552734
2019-08-28,73.22000122070312
2019-08-29,72.6500015258789
2019-08-30,73.12000274658203
2019-09-02,72.9000015258789
2019-09-03,73.30000305175781
2019-09-04,73.55999755859375
2019-09-05,73.18000030517578
2019-09-06,73.61000061035156
2019-09-09,73.52999877929688
2019-09-10,73.38999938964844
2019-09-11,73.25
2019-09-12,73.80999755859375
2019-09-13,73.68000030517578
2019-09-16,73.75
2019-09-17,74.05000305175781
2019-09-18,74.12000274658203
2019-09-19,74.52999877929688
2019-09-20,74.62999725341797
2019-09-23,74.75
2019-09-24,74.73999786376953
2019-09-25,75.02999877929688
2019-09-26,75.31999969482422
2019-09-27,75.3499984741211
2019-09-30,74.87000274658203
2019-10-01,74.80000305175781
2019-10-02,75.18000030517578
2019-10-03,75.33000183105469
2019-10-04,75.5999984741211
2019-10-07,75.22000122070312
2019-10-08,74.79000091552734
2019-10-09,75.01000213623047
2019-10-10,75.45999908447266
2019-10-11,76.19999694824219
2019-10-14,75.9000015258789
2019-10-15,76.2300033569336
2019-10-16,76.29000091552734
2019-10-17,76.62000274658203
2019-10-18,76.2699966430664
2019-10-21,76.37000274658203
2019-10-22,76.61000061035156
2019-10-23,76.76000213623047
2019-10-24,76.9000015258789
2019-10-25,77.04000091552734
2019-10-28,77.26000213623047
2019-10-29,77.01000213623047
2019-10-30,77.4000015258789
2019-10-31,77.55000305175781
2019-11-01,77.83999633789062
2019-11-04,77.52999877929688
2019-11-05,77.5
2019-11-06,77.5
2019-11-07,77.38999938964844
2019-11-08,77.01000213623047
2019-11-11,76.88999938964844
2019-11-12,76.8499984741211
2019-11-13,76.55000305175781
2019-11-14,76.55000305175781
2019-11-18,76.30000305175781
2019-11-19,76.02999877929688
2019-11-21,76.25
2019-11-22,76.19000244140625
2019-11-25,75.81999969482422
2019-11-26,75.91999816894531
2019-11-27,75.5999984741211
2019-11-28,75.45999908447266
2019-11-29,75.87000274658203
2019-12-02,75.29000091552734
2019-12-03,75.3499984741211
2019-12-04,75.58999633789062
2019-12-05,75.83999633789062
2019-12-06,75.83000183105469
2019-12-09,76.13999938964844
2019-12-10,76.2699966430664
2019-12-11,76.97000122070312
2019-12-12,76.87000274658203
2019-12-13,76.91000366210938
2019-12-16,77.08000183105469
2019-12-17,76.70999908447266
2019-12-18,76.31999969482422
2019-12-19,75.44000244140625
2019-12-20,75.51000213623047
2019-12-23,76.01000213623047
2019-12-26,76.0
2019-12-27,76.44000244140625
2019-12-30,76.25
2020-01-02,76.76000213623047
2020-01-03,76.69999694824219
2020-01-06,76.58999633789062
2020-01-07,76.30000305175781
2020-01-08,76.8499984741211
2020-01-09,76.8499984741211
2020-01-10,76.93000030517578
2020-01-13,76.87999725341797
2020-01-14,76.6500015258789
2020-01-15,76.93000030517578
2020-01-16,76.5199966430664
2020-01-17,76.7300033569336
2020-01-20,76.63999938964844
2020-01-21,76.70999908447266
2020-01-22,76.94999694824219
2020-01-23,77.08000183105469
2020-01-24,76.9000015258789
2020-01-27,77.0
2020-01-28,76.9000015258789
2020-01-29,77.26000213623047
2020-01-30,77.30000305175781
2020-01-31,76.9800033569336
2020-02-03,77.0
2020-02-04,77.1500015258789
2020-02-05,77.4000015258789
2020-02-06,77.19000244140625
2020-02-07,77.11000061035156
2020-02-10,77.48999786376953
2020-02-11,77.69000244140625
2020-02-12,77.97000122070312
2020-02-13,77.55000305175781
2020-02-14,78.0
2020-02-17,78.0
2020-02-18,78.16999816894531
2020-02-19,77.94999694824219
2020-02-20,77.83000183105469
2020-02-21,78.0
2020-02-26,76.97000122070312
2020-02-27,77.04000091552734
2020-02-28,76.9800033569336
2020-03-02,77.75
2020-03-03,77.9800033569336
2020-03-04,78.31999969482422
2020-03-05,77.94000244140625
2020-03-06,77.77999877929688
2020-03-09,75.8499984741211
2020-03-10,76.0
2020-03-11,74.0
2020-03-12,69.19999694824219
2020-03-13,71.0
2020-03-16,71.0
2020-03-17,70.51000213623047
2020-03-18,67.0
2020-03-19,67.0
2020-03-20,69.0
2020-03-23,65.0
2020-03-24,67.16000366210938
2020-03-25,70.0
2020-03-26,71.54000091552734
2020-03-27,70.30999755859375
2020-03-30,70.47000122070312
2020-03-31,71.19999694824219
2020-04-01,70.5
2020-04-02,70.5
2020-04-03,70.5
2020-04-06,69.54000091552734
2020-04-07,70.0
2020-04-08,70.87000274658203
2020-04-09,70.30000305175781
2020-04-13,71.0
2020-04-14,70.62999725341797
2020-04-15,70.94000244140625
2020-04-16,72.0
2020-04-17,72.0999984741211
2020-04-20,73.87999725341797
2020-04-22,73.0
2020-04-23,72.4000015258789
2020-04-24,69.9000015258789
2020-04-27,69.9800033569336
2020-04-28,71.0999984741211
2020-04-29,71.0999984741211
2020-04-30,70.63999938964844
2020-05-04,71.0
2020-05-05,71.43000030517578
2020-05-06,71.52999877929688
2020-05-07,71.08999633789062
2020-05-08,71.33999633789062
2020-05-11,71.20999908447266
2020-05-12,70.81999969482422
2020-05-13,70.91000366210938
2020-05-14,71.0999984741211
2020-05-15,71.5999984741211
2020-05-18,71.95999908447266
2020-05-19,72.5
2020-05-20,72.5
2020-05-21,73.01000213623047
2020-05-22,73.0
2020-05-25,73.30999755859375
2020-05-26,73.6500015258789
2020-05-27,73.6500015258789
2020-05-28,73.6500015258789
2020-05-29,73.38999938964844
2020-06-01,73.25
2020-06-02,73.73999786376953
2020-06-03,74.0
2020-06-04,74.26000213623047
2020-06-05,74.45999908447266
2020-06-08,75.0
2020-06-09,74.69999694824219
2020-06-10,75.0
2020-06-12,75.0999984741211
2020-06-15,74.9000015258789
2020-06-16,74.94999694824219
2020-06-17,75.19999694824219
2020-06-18,74.62999725341797
2020-06-19,75.02999877929688
2020-06-22,74.93000030517578
2020-06-23,75.12999725341797
2020-06-24,74.5999984741211
2020-06-25,75.0
2020-06-26,74.95999908447266
2020-06-29,75.0
2020-06-30,75.44000244140625
2020-07-01,75.69999694824219
2020-07-02,75.98999786376953
2020-07-03,75.94999694824219
2020-07-06,76.30000305175781
2020-07-07,76.0
2020-07-08,76.4000015258789
2020-07-09,76.72000122070312
2020-07-10,77.1500015258789
2020-07-13,77.4000015258789
2020-07-14,77.37999725341797
2020-07-15,77.51000213623047
2020-07-16,77.86000061035156
2020-07-17,77.7300033569336
2020-07-20,78.02999877929688
2020-07-21,78.41999816894531
2020-07-22,78.23999786376953
2020-07-23,78.18000030517578
2020-07-24,78.19999694824219
2020-07-27,78.48999786376953
2020-07-28,78.55000305175781
2020-07-29,79.97000122070312
2020-07-30,78.83999633789062
2020-07-31,79.23999786376953
2020-08-03,79.29000091552734
2020-08-04,79.94999694824219
2020-08-05,79.43000030517578
2020-08-06,79.6500015258789
2020-08-07,79.44999694824219
2020-08-10,79.0
2020-08-11,78.51000213623047
2020-08-12,78.0999984741211
2020-08-13,77.63999938964844
2020-08-14,78.11000061035156
2020-08-17,77.30000305175781
2020-08-18,78.16000366210938
2020-08-19,78.33000183105469
2020-08-20,78.19999694824219
2020-08-21,78.54000091552734
2020-08-24,78.77999877929688
2020-08-25,78.58000183105469
2020-08-26,78.31999969482422
2020-08-27,78.2300033569336
2020-08-28,78.2300033569336
2020-08-31,78.4000015258789
2020-09-01,78.31999969482422
2020-09-02,78.45999908447266
2020-09-03,78.55000305175781
2020-09-04,78.69000244140625
2020-09-08,78.22000122070312
2020-09-09,78.5
2020-09-10,78.0999984741211
2020-09-11,78.0
2020-09-14,78.19999694824219
2020-09-15,78.0
2020-09-16,77.9000015258789
2020-09-17,78.04000091552734
2020-09-18,76.98999786376953
2020-09-21,76.69999694824219
2020-09-22,76.87999725341797
2020-09-23,77.01000213623047
2020-09-24,77.16000366210938
2020-09-25,77.16000366210938
2020-09-28,76.5199966430664
2020-09-29,76.37000274658203
2020-09-30,76.47000122070312
2020-10-01,76.55999755859375
2020-10-02,76.69999694824219
2020-10-05,76.5199966430664
2020-10-06,76.30999755859375
2020-10-07,76.62000274658203
2020-10-08,76.43000030517578
2020-10-09,77.47000122070312
2020-10-13,77.23999786376953
2020-10-14,76.80000305175781
2020-10-15,77.69999694824219
2020-10-16,77.7699966430664
2020-10-19,77.73999786376953
2020-10-20,78.08000183105469
2020-10-21,77.86000061035156
2020-10-22,77.6500015258789
2020-10-23,77.55000305175781
2020-10-26,77.5
2020-10-27,77.29000091552734
2020-10-28,77.30999755859375
2020-10-29,77.63999938964844
2020-10-30,77.43000030517578
2020-11-03,77.5
2020-11-04,77.91999816894531
2020-11-05,77.55999755859375
2020-11-06,77.7699966430664
2020-11-09,78.55999755859375
2020-11-10,78.33999633789062
2020-11-11,77.80000305175781
2020-11-12,77.70999908447266
2020-11-13,77.7300033569336
2020-11-16,77.77999877929688
2020-11-17,77.5999984741211
2020-11-18,77.3499984741211
2020-11-19,77.30000305175781
2020-11-23,77.44999694824219
2020-11-24,77.29000091552734
2020-11-25,76.94000244140625
2020-11-26,77.66999816894531
2020-11-27,77.55000305175781
2020-11-30,77.5999984741211
2020-12-01,77.98999786376953
2020-12-02,78.44999694824219
2020-12-03,79.30999755859375
2020-12-04,78.56999969482422
2020-12-07,78.83000183105469
2020-12-08,79.02999877929688
2020-12-09,79.0
2020-12-10,79.44000244140625
2020-12-11,79.56999969482422
2020-12-14,79.29000091552734
2020-12-15,79.88999938964844
2020-12-16,80.0
2020-12-17,80.5
2020-12-18,80.72000122070312
2020-12-21,80.7699966430664
2020-12-22,80.91000366210938
2020-12-23,81.26000213623047
2020-12-28,81.19000244140625
2020-12-29,81.66000366210938
2020-12-30,81.19999694824219
2021-01-04,82.19999694824219
2021-01-05,81.98999786376953
2021-01-06,81.94000244140625
2021-01-07,81.16999816894531
2021-01-08,81.25
2021-01-11,81.0
2021-01-12,81.16000366210938
2021-01-13,81.2699966430664
2021-01-14,81.30000305175781
2021-01-15,81.48999786376953
2021-01-18,81.30000305175781
2021-01-19,81.04000091552734
2021-01-20,80.93000030517578
2021-01-21,80.56999969482422
2021-01-22,80.4000015258789
2021-01-26,80.8499984741211
2021-01-27,80.5999984741211
2021-01-28,80.80000305175781
2021-01-29,81.19999694824219
2021-02-01,81.58999633789062
2021-02-02,82.0
2021-02-03,82.23999786376953
2021-02-04,82.0
2021-02-05,82.29000091552734
2021-02-08,81.9800033569336
2021-02-09,81.81999969482422
2021-02-10,81.91000366210938
2021-02-11,81.77999877929688
2021-02-12,81.37000274658203
2021-02-17,81.13999938964844
2021-02-18,81.75
2021-02-19,81.36000061035156
2021-02-22,80.45999908447266
2021-02-23,80.44999694824219
2021-02-24,80.01000213623047
2021-02-25,80.0
2021-02-26,79.81999969482422
2021-03-01,79.5999984741211
2021-03-02,79.29000091552734
2021-03-03,79.0
2021-03-04,80.06999969482422
2021-03-05,80.79000091552734
2021-03-08,80.66000366210938
2021-03-09,79.80999755859375
2021-03-10,80.0
2021-03-11,80.48999786376953
2021-03-12,80.25
2021-03-15,80.12999725341797
2021-03-16,80.55000305175781
2021-03-17,80.44999694824219
2021-03-18,80.36000061035156
2021-03-19,79.80000305175781
2021-03-22,79.30000305175781
2021-03-23,79.25
2021-03-24,78.86000061035156
2021-03-25,79.0
2021-03-26,79.2300033569336
2021-03-29,79.19999694824219
2021-03-30,79.45999908447266
2021-03-31,79.44000244140625
2021-04-01,79.56999969482422
2021-04-05,79.54000091552734
2021-04-06,79.3499984741211
2021-04-07,79.2300033569336
2021-04-08,79.86000061035156
2021-04-09,79.45999908447266
2021-04-12,79.4000015258789
2021-04-13,79.16999816894531
2021-04-14,79.11000061035156
2021-04-15,79.41000366210938
2021-04-16,79.75
2021-04-19,79.86000061035156
2021-04-20,80.30000305175781
2021-04-22,80.80000305175781
2021-04-23,81.05000305175781
2021-04-26,81.01000213623047
2021-04-27,80.9800033569336
2021-04-28,80.98999786376953
2021-04-29,80.9800033569336
2021-04-30,80.93000030517578
2021-05-03,80.75
2021-05-04,80.38999938964844
2021-05-05,80.5199966430664
2021-05-06,80.48999786376953
2021-05-07,80.68000030517578
2021-05-10,80.55999755859375
2021-05-11,80.66000366210938
2021-05-12,80.48999786376953
2021-05-13,80.37000274658203
2021-05-14,80.62999725341797
2021-05-17,80.66000366210938
2021-05-18,80.55999755859375
2021-05-19,80.3499984741211
2021-05-20,80.55000305175781
2021-05-21,80.75
2021-05-24,80.61000061035156
2021-05-25,80.91000366210938
2021-05-26,80.87000274658203
2021-05-27,81.19000244140625
2021-05-28,81.16000366210938
2021-05-31,81.41999816894531
2021-06-01,81.68000030517578
2021-06-02,81.94000244140625
2021-06-04,82.58999633789062
2021-06-07,82.12000274658203
2021-06-08,81.86000061035156
2021-06-09,81.48999786376953
2021-06-10,81.0999984741211
2021-06-11,81.0999984741211
2021-06-14,81.25
2021-06-15,80.94000244140625
2021-06-16,81.0
2021-06-17,80.75
2021-06-18,79.62000274658203
2021-06-21,80.0
2021-06-22,79.72000122070312
2021-06-23,79.80000305175781
2021-06-24,80.1500015258789
2021-06-25,80.18000030517578
2021-06-28,80.05999755859375
2021-06-29,80.06999969482422
2021-06-30,80.1500015258789
2021-07-01,80.5
2021-07-02,80.68000030517578
2021-07-05,80.69000244140625
2021-07-06,80.83999633789062
2021-07-07,81.0
2021-07-08,80.75
2021-07-12,80.9000015258789
2021-07-13,80.76000213623047
2021-07-14,81.0
2021-07-15,81.18000030517578
2021-07-16,81.4800033569336
2021-07-19,81.56999969482422
2021-07-20,81.6500015258789
2021-07-21,81.6500015258789
2021-07-22,81.52999877929688
2021-07-23,81.5199966430664
2021-07-26,81.30999755859375
2021-07-27,81.27999877929688
2021-07-28,81.0
2021-07-29,81.36000061035156
2021-07-30,80.66000366210938
2021-08-02,80.80999755859375
2021-08-03,80.58999633789062
2021-08-04,81.16999816894531
2021-08-05,80.0199966430664
2021-08-06,80.22000122070312
2021-08-09,80.06999969482422
2021-08-10,80.05000305175781
2021-08-11,80.05999755859375
2021-08-12,79.93000030517578
2021-08-13,79.30999755859375
2021-08-16,78.62999725341797
2021-08-17,79.0
2021-08-18,78.37000274658203
2021-08-19,78.45999908447266
2021-08-20,79.30000305175781
2021-08-23,79.19999694824219
2021-08-24,79.4000015258789
2021-08-25,80.19999694824219
2021-08-26,80.43000030517578
2021-08-27,80.69999694824219
2021-08-30,80.61000061035156
2021-08-31,79.75
2021-09-01,78.80000305175781
2021-09-02,79.80000305175781
2021-09-03,79.80999755859375
2021-09-06,79.4800033569336
2021-09-08,79.56999969482422
2021-09-09,79.58999633789062
2021-09-10,80.0
2021-09-13,80.0999984741211
2021-09-14,80.5
2021-09-15,80.19000244140625
2021-09-16,80.54000091552734
2021-09-17,80.30000305175781
2021-09-20,80.05000305175781
2021-09-21,80.31999969482422
2021-09-22,80.4000015258789
2021-09-23,80.18000030517578
2021-09-24,79.93000030517578
2021-09-27,79.9000015258789
2021-09-28,79.91999816894531
2021-09-29,80.05000305175781
2021-09-30,80.13999938964844
2021-10-01,80.0999984741211
2021-10-04,80.30999755859375
2021-10-05,79.80000305175781
2021-10-06,80.19999694824219
2021-10-07,79.87999725341797
2021-10-08,80.51000213623047
2021-10-11,80.23999786376953
2021-10-13,80.12000274658203
2021-10-14,79.98999786376953
2021-10-15,79.91999816894531
2021-10-18,79.54000091552734
2021-10-19,77.0
2021-10-20,79.0
2021-10-21,78.4000015258789
2021-10-22,78.19999694824219
2021-10-25,78.33000183105469
2021-10-26,77.7699966430664
2021-10-27,77.7699966430664
2021-10-28,77.76000213623047
2021-10-29,77.66000366210938
2021-11-01,77.76000213623047
2021-11-03,79.0
2021-11-04,78.4800033569336
2021-11-05,78.98999786376953
2021-11-08,78.45999908447266
2021-11-09,78.8499984741211
2021-11-10,78.48999786376953
2021-11-11,78.9000015258789
2021-11-12,79.16000366210938
2021-11-16,78.44999694824219
2021-11-17,78.98999786376953
2021-11-18,79.08999633789062
2021-11-19,78.97000122070312
2021-11-22,79.01000213623047
2021-11-23,78.97000122070312
2021-11-24,79.3499984741211
2021-11-25,79.31999969482422
2021-11-26,79.68000030517578
2021-11-29,79.5999984741211
2021-11-30,79.73999786376953
2021-12-01,80.02999877929688
2021-12-02,80.2699966430664
2021-12-03,80.68000030517578
2021-12-06,80.62000274658203
2021-12-07,80.91999816894531
2021-12-08,81.23999786376953
2021-12-09,80.91000366210938
2021-12-10,81.5
2021-12-13,81.44999694824219
2021-12-14,81.3499984741211
2021-12-15,81.0999984741211
2021-12-16,80.87999725341797
2021-12-17,80.3499984741211
2021-12-20,80.12999725341797
2021-12-21,80.44000244140625
2021-12-22,80.4000015258789
2021-12-23,80.54000091552734
2021-12-27,80.25
2021-12-28,80.33000183105469
2021-12-29,81.69999694824219
2021-12-30,78.80000305175781
2022-01-03,80.16999816894531
2022-01-04,79.94000244140625
2022-01-05,79.68000030517578
2022-01-06,79.5
2022-01-07,79.33999633789062
2022-01-10,78.97000122070312
2022-01-11,79.0
2022-01-12,78.98999786376953
2022-01-13,79.30000305175781
2022-01-14,79.33999633789062
2022-01-17,78.83000183105469
2022-01-18,78.83000183105469
2022-01-19,79.19000244140625
2022-01-20,79.62000274658203
2022-01-21,79.44999694824219
2022-01-24,79.9800033569336
2022-01-25,79.6500015258789
2022-01-26,80.05000305175781
2022-01-27,79.23999786376953
2022-01-28,79.41999816894531
2022-01-31,79.62000274658203
2022-02-01,79.62999725341797
2022-02-02,79.95999908447266
2022-02-03,80.45999908447266
2022-02-04,80.05000305175781
2022-02-07,80.31999969482422
2022-02-08,80.04000091552734
2022-02-09,79.77999877929688
2022-02-10,79.70999908447266
2022-02-11,79.70999908447266
2022-02-14,79.75
2022-02-15,79.93000030517578
2022-02-16,79.94000244140625
2022-02-17,80.04000091552734
2022-02-18,80.02999877929688
2022-02-21,80.0199966430664
2022-02-22,79.83999633789062
2022-02-23,79.88999938964844
2022-02-24,79.80999755859375
2022-02-25,79.79000091552734
2022-03-02,79.97000122070312
2022-03-03,80.02999877929688
2022-03-04,79.83999633789062
2022-03-07,79.88999938964844
2022-03-08,79.5
2022-03-09,79.80000305175781
2022-03-10,79.69999694824219
2022-03-11,79.94000244140625
2022-03-14,79.77999877929688
2022-03-15,79.79000091552734
2022-03-16,79.75
2022-03-17,80.0999984741211
2022-03-18,80.66000366210938
2022-03-21,80.80000305175781
2022-03-22,80.95999908447266
2022-03-23,81.16000366210938
2022-03-24,82.22000122070312
2022-03-25,82.73999786376953
2022-03-28,82.80999755859375
2022-03-29,82.55000305175781
2022-03-30,82.30000305175781
2022-03-31,82.81999969482422
2022-04-01,82.83000183105469
2022-04-04,83.68000030517578
2022-04-05,83.0
2022-04-06,83.0
2022-04-07,82.8499984741211
2022-04-08,83.01000213623047
2022-04-11,82.48999786376953
2022-04-12,82.68000030517578
2022-04-13,83.0
2022-04-14,82.63999938964844
2022-04-18,82.9000015258789
2022-04-19,82.70999908447266
2022-04-20,82.7699966430664
2022-04-22,82.76000213623047
2022-04-25,82.83999633789062
2022-04-26,83.0199966430664
2022-04-27,83.0
2022-04-28,82.9000015258789
2022-04-29,83.19000244140625
2022-05-02,82.72000122070312
2022-05-03,82.87000274658203
2022-05-04,83.08999633789062
2022-05-05,83.08000183105469
2022-05-06,83.37000274658203
2022-05-09,83.4000015258789
2022-05-10,84.70999908447266
2022-05-11,82.80999755859375
2022-05-12,82.9000015258789
2022-05-13,83.41000366210938
2022-05-16,83.9000015258789
2022-05-17,84.0999984741211
2022-05-18,83.81999969482422
2022-05-19,83.98999786376953
2022-05-20,83.70999908447266
2022-05-23,83.70999908447266
2022-05-24,83.58000183105469
2022-05-25,83.2300033569336
2022-05-26,84.05999755859375
2022-05-27,84.0199966430664
2022-05-30,83.19999694824219
2022-05-31,83.54000091552734
2022-06-01,83.69999694824219
2022-06-02,83.69999694824219
2022-06-03,83.69999694824219
2022-06-06,83.75
2022-06-07,83.55000305175781
2022-06-08,83.54000091552734
2022-06-09,83.58000183105469
2022-06-10,84.0
2022-06-13,83.5999984741211
2022-06-14,83.19999694824219
2022-06-15,83.7699966430664
2022-06-17,84.25
2022-06-20,84.12999725341797
2022-06-21,84.19000244140625
2022-06-22,84.16000366210938
2022-06-23,83.79000091552734
2022-06-24,83.93000030517578
2022-06-27,83.97000122070312
2022-06-28,83.55999755859375
2022-06-29,83.41999816894531
2022-06-30,84.16999816894531
2022-07-01,83.9800033569336
2022-07-04,83.38999938964844
2022-07-05,83.16000366210938
2022-07-06,83.01000213623047
2022-07-07,83.05999755859375
2022-07-08,82.4800033569336
2022-07-11,82.23999786376953
2022-07-12,82.25
2022-07-13,82.19999694824219
2022-07-14,82.2300033569336
2022-07-15,82.86000061035156
2022-07-18,82.3499984741211
2022-07-19,81.79000091552734
2022-07-20,82.0
2022-07-21,81.83000183105469
2022-07-22,82.13999938964844
2022-07-25,82.33999633789062
2022-07-26,82.44999694824219
2022-07-27,81.9000015258789
2022-07-28,82.0
2022-07-29,82.43000030517578
2022-08-01,82.54000091552734
2022-08-02,82.13999938964844
2022-08-03,82.80999755859375
2022-08-04,83.37000274658203
2022-08-05,83.58999633789062
2022-08-08,84.0
2022-08-09,83.75
2022-08-10,84.0
2022-08-11,83.9800033569336
2022-08-12,83.31999969482422
2022-08-15,84.19999694824219
2022-08-16,84.44999694824219
2022-08-17,84.0
2022-08-18,83.9000015258789
2022-08-19,83.80000305175781
2022-08-22,83.81999969482422
2022-08-23,84.0
2022-08-24,83.72000122070312
2022-08-25,83.80999755859375
2022-08-26,83.30999755859375
2022-08-29,83.4000015258789
2022-08-30,82.9800033569336
2022-08-31,83.12000274658203
2022-09-01,83.52999877929688
2022-09-02,84.0999984741211
2022-09-05,84.0999984741211
2022-09-06,83.48999786376953
2022-09-08,83.94999694824219
2022-09-09,84.06999969482422
2022-09-12,83.5999984741211
2022-09-13,83.20999908447266
2022-09-14,83.41000366210938
2022-09-15,83.30000305175781
2022-09-16,83.23999786376953
2022-09-19,83.5199966430664
2022-09-20,83.8499984741211
2022-09-21,83.95999908447266
2022-09-22,84.3499984741211
2022-09-23,84.01000213623047
2022-09-26,83.69000244140625
2022-09-27,83.77999877929688
2022-09-28,83.77999877929688
2022-09-29,83.75
2022-09-30,84.18000030517578
2022-10-03,84.9000015258789
2022-10-04,84.41000366210938
2022-10-05,84.45999908447266
2022-10-06,84.91999816894531
2022-10-07,84.29000091552734
2022-10-10,84.20999908447266
2022-10-11,84.19999694824219
2022-10-13,84.13999938964844
2022-10-14,83.69000244140625
2022-10-17,84.30999755859375
2022-10-18,84.41999816894531
2022-10-19,84.33999633789062
2022-10-20,84.52999877929688
2022-10-21,84.5999984741211
2022-10-24,84.54000091552734
2022-10-25,84.5199966430664
2022-10-26,84.45999908447266
2022-10-27,84.62000274658203
2022-10-28,84.62000274658203
2022-10-31,85.1500015258789
2022-11-01,85.41000366210938
2022-11-03,85.30000305175781
2022-11-04,85.73999786376953
2022-11-07,84.75
2022-11-08,84.7699966430664
2022-11-09,85.16000366210938
2022-11-10,81.5
2022-11-11,83.33000183105469
2022-11-14,84.19000244140625
2022-11-16,83.87999725341797
2022-11-17,83.30999755859375
2022-11-18,83.0
2022-11-21,83.29000091552734
2022-11-22,83.22000122070312
2022-11-23,82.37999725341797
2022-11-24,82.91000366210938
2022-11-25,82.66999816894531
2022-11-28,82.79000091552734
2022-11-29,83.55000305175781
2022-11-30,84.37999725341797
2022-12-01,83.76000213623047
2022-12-02,84.62999725341797
2022-12-05,84.18000030517578
2022-12-06,83.79000091552734
2022-12-07,83.9800033569336
2022-12-08,83.87000274658203
2022-12-09,83.70999908447266
2022-12-12,83.12999725341797
2022-12-13,83.69000244140625
2022-12-14,82.93000030517578
2022-12-15,83.26000213623047
2022-12-16,83.11000061035156
2022-12-19,83.1500015258789
2022-12-20,83.41999816894531
2022-12-21,83.29000091552734
2022-12-22,83.52999877929688
2022-12-23,83.88999938964844
2022-12-26,84.11000061035156
2022-12-27,84.08999633789062
2022-12-28,84.69999694824219
2022-12-29,84.75
2023-01-02,84.44999694824219
2023-01-03,84.0
2023-01-04,83.9000015258789
2023-01-05,83.86000061035156
2023-01-06,84.06999969482422
2023-01-09,84.26000213623047
2023-01-10,84.5999984741211
2023-01-11,85.19999694824219
2023-01-12,86.0
2023-01-13,86.0
2023-01-16,85.29000091552734
2023-01-17,85.48999786376953
2023-01-18,85.62999725341797
2023-01-19,85.27999877929688
2023-01-20,85.06999969482422
2023-01-23,84.75
2023-01-24,84.9800033569336
2023-01-25,85.02999877929688
2023-01-26,85.0
2023-01-27,84.69999694824219
2023-01-30,84.69999694824219
2023-01-31,84.7699966430664
2023-02-01,84.69999694824219
2023-02-02,84.87000274658203
2023-02-03,84.37000274658203
2023-02-06,84.9800033569336
2023-02-07,85.31999969482422
2023-02-08,85.37000274658203
2023-02-09,85.41999816894531
2023-02-10,85.5999984741211
2023-02-13,85.48999786376953
2023-02-14,85.5999984741211
2023-02-15,86.25
2023-02-16,86.33999633789062
2023-02-17,86.8499984741211
2023-02-22,87.05000305175781
2023-02-23,86.6500015258789
2023-02-24,86.16999816894531
2023-02-27,86.69000244140625
2023-02-28,86.68000030517578
2023-03-01,86.08999633789062
2023-03-02,86.0999984741211
2023-03-03,86.44999694824219
2023-03-06,86.20999908447266
2023-03-07,86.48999786376953
2023-03-08,86.62000274658203
2023-03-09,87.0999984741211
2023-03-10,86.9800033569336
2023-03-13,87.41999816894531
2023-03-14,87.1500015258789
2023-03-15,87.5199966430664
2023-03-16,87.22000122070312
2023-03-17,87.87999725341797
2023-03-20,87.9000015258789
2023-03-21,87.55999755859375
2023-03-22,87.5999984741211
2023-03-23,87.88999938964844
2023-03-24,88.0199966430664
2023-03-27,88.4000015258789
2023-03-28,88.3499984741211
2023-03-29,88.16999816894531
2023-03-30,88.4000015258789
2023-03-31,88.5
2023-04-03,88.58999633789062
2023-04-04,88.91999816894531
2023-04-05,89.12000274658203
2023-04-06,89.0999984741211
2023-04-10,88.8499984741211
2023-04-11,89.1500015258789
2023-04-12,89.31999969482422
2023-04-13,89.98999786376953
2023-04-14,89.76000213623047
2023-04-17,90.06999969482422
2023-04-18,89.5999984741211
2023-04-19,89.75
2023-04-20,89.94000244140625
2023-04-24,90.02999877929688
2023-04-25,89.80999755859375
2023-04-26,90.41999816894531
2023-04-27,90.69999694824219
2023-04-28,90.52999877929688
2023-05-02,90.47000122070312
2023-05-03,90.55999755859375
2023-05-04,90.9000015258789
2023-05-05,90.94999694824219
2023-05-08,91.0
2023-05-09,90.69999694824219
2023-05-10,90.66999816894531
2023-05-11,91.19999694824219
2023-05-12,91.4800033569336
2023-05-15,91.87999725341797
2023-05-16,91.80000305175781
2023-05-17,91.5999984741211
2023-05-18,91.5999984741211
2023-05-19,91.37000274658203
2023-05-22,91.51000213623047
2023-05-23,91.94999694824219
2023-05-24,91.8499984741211
2023-05-25,92.0999984741211
2023-05-26,92.58000183105469
2023-05-29,92.56999969482422
2023-05-30,92.5999984741211
2023-05-31,92.69999694824219
2023-06-01,92.87000274658203
2023-06-02,93.19999694824219
2023-06-05,93.56999969482422
2023-06-06,93.73999786376953
2023-06-07,93.27999877929688
2023-06-09,93.61000061035156
2023-06-12,93.4800033569336
2023-06-13,93.11000061035156
2023-06-14,93.29000091552734
2023-06-15,93.5199966430664
2023-06-16,93.62000274658203
2023-06-19,93.72000122070312
2023-06-20,93.26000213623047
2023-06-21,93.58999633789062
2023-06-22,93.5999984741211
2023-06-23,93.7699966430664
2023-06-26,94.0999984741211
2023-06-27,93.58999633789062
2023-06-28,93.43000030517578
2023-06-29,93.5999984741211
2023-06-30,94.44999694824219
2023-07-03,95.0
2023-07-04,94.83000183105469
2023-07-05,94.66999816894531
2023-07-06,94.69999694824219
2023-07-07,95.0999984741211
2023-07-10,94.5
2023-07-11,94.87999725341797
2023-07-12,94.81999969482422
2023-07-13,94.81999969482422
2023-07-14,94.69999694824219
2023-07-17,94.63999938964844
2023-07-18,94.4000015258789
2023-07-19,94.91999816894531
2023-07-20,94.55000305175781
2023-07-21,95.25
2023-07-24,95.19999694824219
2023-07-25,94.98999786376953
2023-07-26,95.4000015258789
2023-07-27,95.4000015258789
2023-07-28,95.4800033569336
2023-07-31,95.86000061035156
2023-08-01,95.94999694824219
2023-08-02,96.16000366210938
2023-08-03,96.33000183105469
2023-08-04,96.37000274658203
2023-08-07,96.0
2023-08-08,96.6500015258789
2023-08-09,96.22000122070312
2023-08-10,96.83000183105469
2023-08-11,97.02999877929688
2023-08-14,96.75
2023-08-15,96.75
2023-08-16,96.69000244140625
2023-08-17,96.58999633789062
2023-08-18,96.11000061035156
2023-08-21,96.16000366210938
2023-08-22,95.91000366210938
2023-08-23,95.80000305175781
2023-08-24,96.0999984741211
2023-08-25,96.08000183105469
2023-08-28,95.94999694824219
2023-08-29,95.79000091552734
2023-08-30,96.1500015258789
2023-08-31,95.13999938964844
2023-09-01,95.2300033569336
2023-09-04,95.3499984741211
2023-09-05,94.72000122070312
2023-09-06,95.33999633789062
2023-09-08,95.3499984741211
2023-09-11,95.19999694824219
2023-09-12,95.19999694824219
2023-09-13,95.4800033569336
2023-09-14,95.5999984741211
2023-09-15,95.44999694824219
2023-09-18,95.29000091552734
2023-09-19,95.05000305175781
2023-09-20,95.0999984741211
2023-09-21,95.12999725341797
2023-09-22,94.94999694824219
2023-09-25,94.93000030517578
2023-09-26,94.1500015258789
2023-09-27,93.22000122070312
2023-09-28,93.5999984741211
2023-09-29,94.3499984741211
2023-10-02,94.13999938964844
2023-10-03,93.36000061035156
2023-10-04,93.4000015258789
2023-10-05,93.76000213623047
2023-10-06,93.98999786376953
2023-10-09,94.48999786376953
2023-10-10,94.4000015258789
2023-10-11,94.16999816894531
2023-10-13,94.13999938964844
2023-10-16,93.73999786376953
2023-10-17,94.19000244140625
2023-10-18,93.61000061035156
2023-10-19,93.02999877929688
2023-10-20,93.66000366210938
2023-10-23,93.77999877929688
2023-10-24,93.5
2023-10-25,93.69999694824219
2023-10-26,94.11000061035156
2023-10-27,94.0
2023-10-30,93.88999938964844
2023-10-31,93.3499984741211
2023-11-01,93.69999694824219
2023-11-03,94.38999938964844
2023-11-06,94.12999725341797
2023-11-07,94.2699966430664
2023-11-08,94.38999938964844
2023-11-09,94.5999984741211
2023-11-10,94.44999694824219
2023-11-13,94.58999633789062
2023-11-14,94.79000091552734
2023-11-16,95.08999633789062
2023-11-17,95.58999633789062
2023-11-20,95.7699966430664
2023-11-21,95.36000061035156
2023-11-22,95.5
2023-11-23,95.5
2023-11-24,95.77999877929688
2023-11-27,95.91000366210938
2023-11-28,96.16000366210938
2023-11-29,96.0
2023-11-30,96.12000274658203
2023-12-01,96.25
2023-12-04,96.25
2023-12-05,96.19999694824219
2023-12-06,96.51000213623047
2023-12-07,96.2699966430664
2023-12-08,96.27999877929688
2023-12-11,96.33000183105469
2023-12-12,96.58999633789062
2023-12-13,96.9000015258789
2023-12-14,97.5
2023-12-15,97.51000213623047
2023-12-18,97.79000091552734
2023-12-19,98.0
2023-12-20,98.25
2023-12-21,98.29000091552734
2023-12-22,98.6500015258789
2023-12-26,98.76000213623047
2023-12-27,98.77999877929688
2023-12-28,98.8499984741211
2024-01-02,98.88999938964844
2024-01-03,98.87000274658203
2024-01-04,98.9000015258789
2024-01-05,98.75
2024-01-08,98.55000305175781
2024-01-09,98.26000213623047
2024-01-10,98.0999984741211
2024-01-11,98.37000274658203
2024-01-12,98.54000091552734
2024-01-15,98.5199966430664
2024-01-16,98.0199966430664
2024-01-17,97.97000122070312
2024-01-18,98.01000213623047
2024-01-19,97.70999908447266
2024-01-22,97.69000244140625
2024-01-23,98.0
2024-01-24,98.22000122070312
2024-01-25,98.19000244140625
2024-01-26,98.19999694824219
2024-01-29,97.94000244140625
2024-01-30,98.19999694824219
2024-01-31,98.30999755859375
2024-02-01,98.37000274658203
2024-02-02,98.30000305175781
2024-02-05,98.4000015258789
2024-02-06,98.12000274658203
2024-02-07,98.18000030517578
2024-02-08,98.12000274658203
2024-02-09,98.5
2024-02-14,98.68000030517578
2024-02-15,98.76000213623047
2024-02-16,98.5999984741211
2024-02-19,98.72000122070312
2024-02-20,98.81999969482422
2024-02-21,98.87999725341797
2024-02-22,99.0
2024-02-23,98.79000091552734
2024-02-26,98.62999725341797
2024-02-27,98.72000122070312
2024-02-28,98.70999908447266
2024-02-29,98.75
2024-03-01,98.87999725341797
2024-03-04,98.79000091552734
2024-03-05,98.36000061035156
2024-03-06,99.0
2024-03-07,99.0
2024-03-08,99.0999984741211
2024-03-11,98.69999694824219
2024-03-12,98.77999877929688
2024-03-13,99.05999755859375
2024-03-14,98.63999938964844
2024-03-15,98.81999969482422
2024-03-18,98.56999969482422
2024-03-19,98.68000030517578
2024-03-20,99.0
2024-03-21,98.75
2024-03-22,98.68000030517578
2024-03-25,98.5
2024-03-26,98.73999786376953
2024-03-27,98.94000244140625
2024-03-28,98.9000015258789
2024-04-01,98.8499984741211
2024-04-02,98.95999908447266
2024-04-03,99.04000091552734
2024-04-04,98.80000305175781
2024-04-05,98.75
2024-04-08,98.77999877929688
2024-04-09,98.80999755859375
2024-04-10,98.41999816894531
2024-04-11,98.4800033569336
2024-04-12,98.13999938964844
2024-04-15,97.73999786376953
2024-04-16,97.83999633789062
2024-04-17,97.83000183105469
2024-04-18,97.88999938964844
2024-04-19,98.0
2024-04-22,97.93000030517578
2024-04-23,97.91000366210938
2024-04-24,97.4800033569336
2024-04-25,97.6500015258789
2024-04-26,97.9000015258789
2024-04-29,97.9000015258789
2024-04-30,97.61000061035156
2024-05-02,97.79000091552734
2024-05-03,97.69000244140625
2024-05-06,97.75
2024-05-07,97.69999694824219
2024-05-08,97.95999908447266
2024-05-09,97.97000122070312
2024-05-10,98.5
2024-05-13,98.12999725341797
2024-05-14,98.2699966430664
2024-05-15,98.19999694824219
2024-05-16,98.66000366210938
2024-05-17,98.6500015258789
2024-05-20,98.5999984741211
2024-05-21,98.61000061035156
2024-05-22,98.30000305175781
2024-05-23,98.66000366210938
2024-05-24,98.66000366210938
2024-05-27,98.73999786376953
2024-05-28,98.62000274658203
2024-05-29,98.0
2024-05-31,98.62000274658203
2024-06-03,98.7300033569336
2024-06-04,98.62000274658203
2024-06-05,98.48999786376953
2024-06-06,98.68000030517578
2024-06-07,97.72000122070312
2024-06-10,98.19000244140625
2024-06-11,98.05000305175781
2024-06-12,97.5999984741211
2024-06-13,97.7300033569336
2024-06-14,97.83000183105469
2024-06-17,97.94999694824219
2024-06-18,98.02999877929688
2024-06-19,97.80000305175781
2024-06-20,98.20999908447266
2024-06-21,98.36000061035156
2024-06-24,98.97000122070312
2024-06-25,98.43000030517578
2024-06-26,98.25
2024-06-27,98.18000030517578
2024-06-28,97.86000061035156
2024-07-01,97.12999725341797
2024-07-02,97.13999938964844
2024-07-03,97.94999694824219
2024-07-04,98.4000015258789
2024-07-05,98.3499984741211
2024-07-08,98.19999694824219
2024-07-09,98.41999816894531
2024-07-10,98.8499984741211
2024-07-11,99.6500015258789
2024-07-12,99.72000122070312
2024-07-15,99.62000274658203
2024-07-16,99.69999694824219
2024-07-17,99.58000183105469
2024-07-18,99.25
2024-07-19,99.30000305175781
2024-07-22,99.19999694824219
2024-07-23,99.0
2024-07-24,98.55000305175781
2024-07-25,98.87000274658203
2024-07-26,99.1500015258789
2024-07-29,99.23999786376953
2024-07-30,99.44999694824219
2024-07-31,99.44999694824219
2024-08-01,100.12000274658203
2024-08-02,102.04000091552734
2024-08-05,100.94999694824219
2024-08-06,100.8499984741211
2024-08-07,100.81999969482422
2024-08-08,100.83000183105469
2024-08-09,101.6500015258789
2024-08-12,101.36000061035156
2024-08-13,101.86000061035156
2024-08-14,101.7300033569336
2024-08-15,101.55000305175781
2024-08-16,101.48999786376953
2024-08-19,101.41000366210938
2024-08-20,101.26000213623047
2024-08-21,100.55000305175781
2024-08-22,100.43000030517578
2024-08-23,100.8499984741211
2024-08-26,100.9800033569336
2024-08-27,100.66999816894531
2024-08-28,100.88999938964844
2024-08-29,100.37999725341797
2024-08-30,101.08999633789062
2024-09-02,100.9800033569336
2024-09-03,99.87000274658203
2024-09-04,100.27999877929688
2024-09-05,100.30000305175781
2024-09-06,100.52999877929688
2024-09-09,100.80000305175781
2024-09-10,100.55000305175781
2024-09-11,100.44000244140625
2024-09-12,99.80000305175781
2024-09-13,100.94000244140625
2024-09-16,100.29000091552734
2024-09-17,100.26000213623047
2024-09-18,99.80999755859375
2024-09-19,99.83999633789062
2024-09-20,98.94999694824219
2024-09-23,99.11000061035156
2024-09-24,100.0
2024-09-25,100.37999725341797
2024-09-26,99.63999938964844
2024-09-27,99.63999938964844
2024-09-30,99.56999969482422
2024-10-01,99.76000213623047
2024-10-02,99.58000183105469
2024-10-03,99.55000305175781
2024-10-04,99.52999877929688
2024-10-07,99.66999816894531
2024-10-08,100.04000091552734
2024-10-09,99.31999969482422
2024-10-10,99.52999877929688
2024-10-11,99.62000274658203
2024-10-14,99.66000366210938
2024-10-15,99.47000122070312
2024-10-16,99.12999725341797
2024-10-17,99.0
2024-10-18,98.94000244140625
2024-10-21,99.73999786376953
2024-10-22,98.72000122070312
2024-10-23,98.61000061035156
2024-10-24,99.22000122070312
2024-10-25,98.91999816894531
2024-10-28,98.9000015258789
2024-10-29,98.37999725341797
2024-10-30,98.6500015258789
2024-10-31,98.55999755859375
2024-11-01,98.45999908447266
2024-11-04,99.05000305175781
2024-11-05,99.27999877929688
2024-11-06,99.18000030517578
2024-11-07,99.81999969482422
2024-11-08,99.83000183105469
2024-11-11,99.9800033569336
2024-11-12,99.62999725341797
2024-11-13,99.04000091552734
2024-11-14,99.23999786376953
2024-11-18,99.12999725341797
2024-11-19,99.38999938964844
2024-11-21,100.0
2024-11-22,99.81999969482422
2024-11-25,99.80999755859375
2024-11-26,99.66000366210938
2024-11-27,98.9000015258789
2024-11-28,98.51000213623047
2024-11-29,100.30000305175781
2024-12-02,98.80999755859375
2024-12-03,98.45999908447266
2024-12-04,98.69999694824219
2024-12-05,98.69999694824219
2024-12-06,97.93000030517578
2024-12-09,97.94000244140625
2024-12-10,98.91000366210938
2024-12-11,99.25
2024-12-12,99.05999755859375
2024-12-13,98.16000366210938
2024-12-16,97.26000213623047
2024-12-17,96.70999908447266
2024-12-18,96.30000305175781
2024-12-19,97.5
2024-12-20,97.5999984741211
2024-12-23,96.88999938964844
2024-12-26,97.0
2024-12-27,96.91999816894531
2024-12-30,96.20999908447266
2025-01-02,96.79000091552734
2025-01-03,96.80000305175781
2025-01-06,97.12000274658203
2025-01-07,96.76000213623047
2025-01-08,96.69999694824219
2025-01-09,96.86000061035156
2025-01-10,96.87000274658203
2025-01-13,96.4800033569336
2025-01-14,96.98999786376953
2025-01-15,97.2699966430664
2025-01-16,96.79000091552734
2025-01-17,96.72000122070312
2025-01-20,96.29000091552734
2025-01-21,95.76000213623047
2025-01-22,96.20999908447266
2025-01-23,95.87999725341797
2025-01-24,95.87999725341797
2025-01-27,95.55000305175781
2025-01-28,96.22000122070312
2025-01-29,96.12999725341797
2025-01-30,97.20999908447266
2025-01-31,97.29000091552734
2025-02-03,97.5
2025-02-04,97.19000244140625
2025-02-05,97.45999908447266
2025-02-06,97.31999969482422
2025-02-07,97.30000305175781
2025-02-10,97.45999908447266
2025-02-11,97.45999908447266
2025-02-12,97.19999694824219
2025-02-13,97.5199966430664
2025-02-14,98.12000274658203
2025-02-17,98.6500015258789
2025-02-18,98.62000274658203
2025-02-19,98.43000030517578
2025-02-20,98.6500015258789
2025-02-21,98.9000015258789
2025-02-24,98.62000274658203
2025-02-25,98.47000122070312
2025-02-26,98.36000061035156
2025-02-27,98.33999633789062
2025-02-28,97.55000305175781
2025-03-05,98.16999816894531
2025-03-06,98.30000305175781
2025-03-07,98.62999725341797
2025-03-10,98.48999786376953
2025-03-11,98.7699966430664
2025-03-12,98.9000015258789
2025-03-13,99.27999877929688
2025-03-14,98.94999694824219
2025-03-17,99.08999633789062
2025-03-18,99.19999694824219
2025-03-19,99.47000122070312
2025-03-20,98.83000183105469
2025-03-21,99.19999694824219
2025-03-24,99.19999694824219
2025-03-25,99.01000213623047
2025-03-26,99.16000366210938
2025-03-27,99.02999877929688
2025-03-28,99.12999725341797
2025-03-31,99.38999938964844
2025-04-01,99.30999755859375
2025-04-02,99.25
2025-04-03,99.98999786376953
2025-04-04,100.08000183105469
2025-04-07,100.19999694824219
2025-04-08,99.88999938964844
2025-04-09,99.58999633789062
2025-04-10,99.43000030517578
2025-04-11,99.6500015258789
2025-04-14,100.44000244140625
2025-04-15,100.05000305175781
2025-04-16,100.2699966430664
2025-04-17,100.26000213623047
2025-04-22,99.8499984741211
2025-04-23,100.30000305175781
2025-04-24,100.55999755859375
2025-04-25,100.70999908447266
2025-04-28,101.0
2025-04-29,101.0999984741211
2025-04-30,101.43000030517578
2025-05-02,101.30999755859375
2025-05-05,101.19000244140625
2025-05-06,101.58999633789062
2025-05-07,101.56999969482422
2025-05-08,102.30000305175781
2025-05-09,102.52999877929688
2025-05-12,102.47000122070312
2025-05-13,102.9000015258789
2025-05-14,102.55000305175781
2025-05-15,102.4800033569336
2025-05-16,102.95999908447266
2025-05-19,103.08000183105469
2025-05-20,103.05999755859375
2025-05-21,102.77999877929688
2025-05-22,103.04000091552734
2025-05-23,103.06999969482422
2025-05-26,103.19999694824219
2025-05-27,103.5999984741211
2025-05-28,103.5
2025-05-29,103.51000213623047
2025-05-30,103.19999694824219
2025-06-02,103.0
2025-06-03,103.0199966430664
2025-06-04,102.98999786376953
2025-06-05,102.9000015258789
2025-06-06,103.02999877929688
2025-06-09,103.1500015258789
2025-06-10,102.7699966430664
2025-06-11,102.56999969482422
2025-06-12,102.88999938964844
2025-06-13,103.08000183105469
2025-06-16,103.1500015258789
2025-06-17,103.05999755859375
2025-06-18,103.0
2025-06-20,103.6500015258789
2025-06-23,103.66000366210938
2025-06-24,103.52999877929688
2025-06-25,103.58999633789062
2025-06-26,103.6500015258789
2025-06-27,103.5999984741211
2025-06-30,104.30999755859375
2025-07-01,104.37999725341797
2025-07-02,104.45999908447266
2025-07-03,104.38999938964844
2025-07-04,104.41999816894531
2025-07-07,104.23999786376953
2025-07-08,103.94000244140625
2025-07-09,103.69999694824219
2025-07-10,103.47000122070312
2025-07-11,103.62000274658203
2025-07-14,103.66999816894531
2025-07-15,103.4800033569336
2025-07-16,103.2699966430664
2025-07-17,103.44000244140625
2025-07-18,103.1500015258789
2025-07-21,103.16000366210938
2025-07-22,103.26000213623047
2025-07-23,103.08000183105469
2025-07-24,103.33999633789062
2025-07-25,103.54000091552734
2025-07-28,103.1500015258789
2025-07-29,103.62000274658203
2025-07-30,103.58000183105469
2025-07-31,103.4000015258789
2025-08-01,103.81999969482422
2025-08-04,103.9000015258789
2025-08-05,103.80000305175781
2025-08-06,103.87000274658203
2025-08-07,104.19999694824219
2025-08-08,104.56999969482422
2025-08-11,104.58999633789062
2025-08-12,104.61000061035156
2025-08-13,104.7300033569336
2025-08-14,104.86000061035156
2025-08-15,104.76000213623047
2025-08-18,104.43000030517578
2025-08-19,103.83000183105469
2025-08-20,103.58999633789062
2025-08-21,103.37000274658203
2025-08-22,103.7699966430664
2025-08-25,104.06999969482422
2025-08-26,104.37999725341797
2025-08-27,104.12999725341797
2025-08-28,104.66999816894531
2025-08-29,104.41999816894531
2025-09-01,103.93000030517578
2025-09-02,103.81999969482422
2025-09-03,103.69999694824219
2025-09-04,103.61000061035156
2025-09-05,103.88999938964844
2025-09-08,104.20999908447266
2025-09-09,104.08999633789062
2025-09-10,104.33999633789062
2025-09-11,104.75
2025-09-12,104.86000061035156
2025-09-15,104.9800033569336
2025-09-16,105.0999984741211
2025-09-17,105.5999984741211
2025-09-18,105.2300033569336
2025-09-19,105.12000274658203
2025-09-22,104.70999908447266
2025-09-23,105.12999725341797
2025-09-24,105.04000091552734
2025-09-25,105.06999969482422
2025-09-26,105.11000061035156
2025-09-29,104.73999786376953
2025-09-30,104.93000030517578
2025-10-01,105.18000030517578
2025-10-02,104.77999877929688
2025-10-03,104.69000244140625
2025-10-06,104.87000274658203
2025-10-07,104.2699966430664
2025-10-08,104.62000274658203
2025-10-09,104.77999877929688
2025-10-10,104.5999984741211
2025-10-13,104.4800033569336
2025-10-14,104.47000122070312
2025-10-15,104.58000183105469
2025-10-16,104.69999694824219
2025-10-17,104.66000366210938
2025-10-20,104.55999755859375
2025-10-21,104.7300033569336
2025-10-22,105.1500015258789
2025-10-23,105.55000305175781
2025-10-24,106.0
2025-10-27,106.1500015258789
2025-10-28,105.9000015258789
2025-10-29,105.83999633789062
2025-10-30,105.63999938964844
2025-10-31,105.93000030517578
2025-11-03,105.55000305175781
2025-11-04,105.8499984741211
2025-11-05,105.80000305175781
2025-11-06,106.0199966430664
2025-11-07,106.30000305175781
2025-11-10,106.6500015258789
2025-11-11,107.08000183105469
2025-11-12,107.33000183105469
2025-11-13,107.44000244140625
2025-11-14,107.44000244140625
2025-11-17,107.30000305175781
2025-11-18,107.37000274658203
2025-11-19,107.5999984741211
2025-11-21,107.75
2025-11-24,107.6500015258789
2025-11-25,107.83999633789062
2025-11-26,108.16999816894531
2025-11-27,108.43000030517578
2025-11-28,108.25
2025-12-01,108.06999969482422
2025-12-02,108.25
2025-12-03,108.91000366210938
2025-12-04,109.08000183105469
2025-12-05,108.0
2025-12-08,107.98999786376953
2025-12-09,107.62000274658203
2025-12-10,107.55000305175781
2025-12-11,107.87000274658203
2025-12-12,108.33999633789062
2025-12-15,108.45999908447266
2025-12-16,108.1500015258789
2025-12-17,107.44999694824219
2025-12-18,107.06999969482422
2025-12-19,107.4800033569336
2025-12-22,107.68000030517578
2025-12-23,107.69999694824219
2025-12-26,108.0999984741211
2025-12-29,108.43000030517578
2025-12-30,108.37999725341797
2026-01-02,108.69999694824219
2026-01-05,108.44000244140625
2026-01-06,108.26000213623047
2026-01-07,108.16000366210938
2026-01-08,108.25
2026-01-09,108.1500015258789
2026-01-12,108.06999969482422
2026-01-13,108.08000183105469
2026-01-14,107.91000366210938
2026-01-15,107.55999755859375
