Date,IRFM11.SA
2019-09-24,60.779998779296875
2019-09-25,60.869998931884766
2019-09-26,60.900001525878906
2019-09-27,60.939998626708984
2019-09-30,61.0
2019-10-01,61.0
2019-10-02,60.97999954223633
2019-10-03,61.099998474121094
2019-10-04,61.119998931884766
2019-10-07,61.08000183105469
2019-10-09,61.2599983215332
2019-10-10,61.38999938964844
2019-10-11,61.630001068115234
2019-10-14,61.66999816894531
2019-10-15,61.58000183105469
2019-10-16,61.709999084472656
2019-10-17,61.869998931884766
2019-10-18,61.84000015258789
2019-10-21,61.88999938964844
2019-10-22,61.72999954223633
2019-10-23,61.83000183105469
2019-10-24,61.83000183105469
2019-10-25,61.90999984741211
2019-10-28,61.97999954223633
2019-10-29,61.9900016784668
2019-10-30,62.0
2019-10-31,62.0
2019-11-01,62.02000045776367
2019-11-04,61.970001220703125
2019-11-05,61.86000061035156
2019-11-06,61.869998931884766
2019-11-07,61.689998626708984
2019-11-08,61.70000076293945
2019-11-11,61.810001373291016
2019-11-12,61.70000076293945
2019-11-13,61.61000061035156
2019-11-14,61.709999084472656
2019-11-18,61.56999969482422
2019-11-19,61.619998931884766
2019-11-21,61.5
2019-11-22,61.61000061035156
2019-11-25,61.630001068115234
2019-11-26,61.41999816894531
2019-11-27,61.380001068115234
2019-11-28,61.540000915527344
2019-11-29,61.560001373291016
2019-12-02,61.560001373291016
2019-12-03,61.630001068115234
2019-12-04,61.779998779296875
2019-12-05,61.709999084472656
2019-12-06,61.810001373291016
2019-12-10,61.84000015258789
2019-12-11,61.81999969482422
2019-12-12,61.88999938964844
2019-12-13,61.86000061035156
2019-12-16,61.79999923706055
2019-12-17,61.650001525878906
2019-12-19,61.689998626708984
2019-12-20,61.650001525878906
2019-12-23,61.709999084472656
2019-12-26,61.779998779296875
2019-12-27,61.77000045776367
2019-12-30,61.90999984741211
2020-01-02,61.880001068115234
2020-01-03,61.959999084472656
2020-01-06,61.95000076293945
2020-01-07,61.939998626708984
2020-01-08,62.0099983215332
2020-01-09,62.150001525878906
2020-01-10,62.13999938964844
2020-01-13,62.09000015258789
2020-01-14,62.15999984741211
2020-01-15,62.2400016784668
2020-01-16,62.11000061035156
2020-01-17,62.20000076293945
2020-01-20,62.189998626708984
2020-01-21,62.27000045776367
2020-01-23,62.369998931884766
2020-01-27,62.40999984741211
2020-01-28,62.349998474121094
2020-01-29,62.5099983215332
2020-01-30,62.45000076293945
2020-01-31,62.47999954223633
2020-02-03,62.529998779296875
2020-02-04,62.529998779296875
2020-02-05,62.599998474121094
2020-02-06,62.56999969482422
2020-02-07,62.529998779296875
2020-02-10,62.61000061035156
2020-02-11,62.65999984741211
2020-02-12,62.7599983215332
2020-02-13,62.68000030517578
2020-02-14,62.779998779296875
2020-02-17,62.91999816894531
2020-02-18,62.81999969482422
2020-02-19,62.81999969482422
2020-02-20,62.81999969482422
2020-02-21,62.90999984741211
2020-02-26,62.75
2020-02-28,62.7599983215332
2020-03-02,63.099998474121094
2020-03-03,63.27000045776367
2020-03-04,63.349998474121094
2020-03-06,63.06999969482422
2020-03-10,62.849998474121094
2020-03-11,62.63999938964844
2020-03-12,63.0
2020-03-16,62.5
2020-03-17,62.5
2020-03-18,61.880001068115234
2020-03-20,60.77000045776367
2020-03-23,60.54999923706055
2020-03-24,61.0
2020-03-25,61.400001525878906
2020-03-27,62.369998931884766
2020-03-30,62.630001068115234
2020-03-31,62.68000030517578
2020-04-02,62.56999969482422
2020-04-03,62.38999938964844
2020-04-06,62.65999984741211
2020-04-08,62.709999084472656
2020-04-09,62.959999084472656
2020-04-13,63.119998931884766
2020-04-16,63.56999969482422
2020-04-17,63.540000915527344
2020-04-20,63.9900016784668
2020-04-22,64.04000091552734
2020-04-23,63.70000076293945
2020-04-24,62.099998474121094
2020-04-27,62.369998931884766
2020-04-28,63.220001220703125
2020-04-29,63.279998779296875
2020-05-04,63.2400016784668
2020-05-05,63.470001220703125
2020-05-11,63.72999954223633
2020-05-12,63.34000015258789
2020-05-13,63.400001525878906
2020-05-14,63.25
2020-05-18,63.63999938964844
2020-05-20,63.63999938964844
2020-05-25,64.16999816894531
2020-05-27,64.12999725341797
2020-05-28,64.19999694824219
2020-05-29,64.31999969482422
2020-06-01,64.31999969482422
2020-06-02,64.5199966430664
2020-06-03,64.63999938964844
2020-06-04,64.56999969482422
2020-06-05,64.55000305175781
2020-06-08,64.55000305175781
2020-06-09,64.48999786376953
2020-06-10,64.68000030517578
2020-06-12,64.69000244140625
2020-06-15,64.54000091552734
2020-06-16,64.72000122070312
2020-06-17,64.72000122070312
2020-06-19,64.6500015258789
2020-06-22,64.61000061035156
2020-06-23,63.0
2020-06-24,64.54000091552734
2020-06-25,64.51000213623047
2020-06-26,64.68000030517578
2020-06-29,64.7699966430664
2020-06-30,64.86000061035156
2020-07-01,64.87000274658203
2020-07-02,64.91999816894531
2020-07-03,65.02999877929688
2020-07-06,65.02999877929688
2020-07-07,64.93000030517578
2020-07-08,64.86000061035156
2020-07-09,64.8499984741211
2020-07-10,65.0199966430664
2020-07-13,64.98999786376953
2020-07-14,64.97000122070312
2020-07-15,64.9800033569336
2020-07-16,64.91000366210938
2020-07-17,65.16000366210938
2020-07-20,65.20999908447266
2020-07-21,65.05000305175781
2020-07-22,65.08000183105469
2020-07-23,65.08999633789062
2020-07-24,65.25
2020-07-27,65.37000274658203
2020-07-28,65.23999786376953
2020-07-29,64.80000305175781
2020-07-31,65.58000183105469
2020-08-03,65.5199966430664
2020-08-04,65.54000091552734
2020-08-05,65.4000015258789
2020-08-06,65.47000122070312
2020-08-07,65.33999633789062
2020-08-10,65.33000183105469
2020-08-11,65.27999877929688
2020-08-12,65.04000091552734
2020-08-13,64.9800033569336
2020-08-14,64.95999908447266
2020-08-17,64.94000244140625
2020-08-18,65.12999725341797
2020-08-19,65.0999984741211
2020-08-20,65.0
2020-08-21,65.08000183105469
2020-08-24,65.11000061035156
2020-08-25,65.11000061035156
2020-08-26,64.7699966430664
2020-08-27,64.7699966430664
2020-08-28,65.04000091552734
2020-08-31,65.02999877929688
2020-09-01,65.13999938964844
2020-09-02,65.11000061035156
2020-09-03,65.18000030517578
2020-09-04,65.2300033569336
2020-09-08,65.12000274658203
2020-09-09,65.13999938964844
2020-09-10,65.05999755859375
2020-09-11,64.97000122070312
2020-09-14,65.01000213623047
2020-09-15,64.93000030517578
2020-09-16,64.80999755859375
2020-09-18,64.70999908447266
2020-09-21,64.6500015258789
2020-09-23,64.63999938964844
2020-09-24,64.76000213623047
2020-09-25,64.91999816894531
2020-09-28,64.43000030517578
2020-09-29,64.4800033569336
2020-09-30,64.58000183105469
2020-10-01,64.5199966430664
2020-10-02,64.5
2020-10-05,64.51000213623047
2020-10-06,64.55999755859375
2020-10-07,64.25
2020-10-08,64.4000015258789
2020-10-13,64.56999969482422
2020-10-14,64.63999938964844
2020-10-15,64.48999786376953
2020-10-16,64.36000061035156
2020-10-19,64.5999984741211
2020-10-20,64.66000366210938
2020-10-21,64.72000122070312
2020-10-22,64.66999816894531
2020-10-23,64.41000366210938
2020-10-26,64.41000366210938
2020-10-28,64.37999725341797
2020-10-29,64.44999694824219
2020-10-30,64.33000183105469
2020-11-03,64.30000305175781
2020-11-04,64.38999938964844
2020-11-05,64.52999877929688
2020-11-06,64.5999984741211
2020-11-09,64.83000183105469
2020-11-10,64.80999755859375
2020-11-11,64.61000061035156
2020-11-12,64.51000213623047
2020-11-13,64.55000305175781
2020-11-16,64.6500015258789
2020-11-17,64.87999725341797
2020-11-18,64.87999725341797
2020-11-19,64.6500015258789
2020-11-23,64.4000015258789
2020-11-24,64.44999694824219
2020-11-25,64.58000183105469
2020-11-26,64.66000366210938
2020-11-27,64.80000305175781
2020-11-30,64.69999694824219
2020-12-01,64.94999694824219
2020-12-02,65.20999908447266
2020-12-03,65.45999908447266
2020-12-04,65.33999633789062
2020-12-07,65.4800033569336
2020-12-08,65.45999908447266
2020-12-09,65.45999908447266
2020-12-10,65.47000122070312
2020-12-11,65.58999633789062
2020-12-14,65.58999633789062
2020-12-15,65.7699966430664
2020-12-16,65.77999877929688
2020-12-17,65.72000122070312
2020-12-18,65.6500015258789
2020-12-21,65.6500015258789
2020-12-22,65.75
2020-12-23,65.95999908447266
2020-12-28,65.9000015258789
2020-12-29,65.98999786376953
2020-12-30,65.95999908447266
2021-01-04,66.0
2021-01-05,65.98999786376953
2021-01-06,65.9000015258789
2021-01-07,65.6500015258789
2021-01-08,65.56999969482422
2021-01-11,65.37000274658203
2021-01-12,65.45999908447266
2021-01-13,65.18000030517578
2021-01-14,65.30000305175781
2021-01-15,65.37000274658203
2021-01-18,65.36000061035156
2021-01-19,65.36000061035156
2021-01-20,68.1500015258789
2021-01-21,65.19000244140625
2021-01-22,65.12999725341797
2021-01-26,65.25
2021-01-27,65.26000213623047
2021-01-28,65.44999694824219
2021-01-29,65.44999694824219
2021-02-01,65.47000122070312
2021-02-02,65.62000274658203
2021-02-03,65.62000274658203
2021-02-05,65.48999786376953
2021-02-08,65.47000122070312
2021-02-09,65.38999938964844
2021-02-10,65.37999725341797
2021-02-11,65.41000366210938
2021-02-18,65.26000213623047
2021-02-19,65.22000122070312
2021-02-22,64.93000030517578
2021-02-23,65.01000213623047
2021-02-24,64.94000244140625
2021-02-25,64.7300033569336
2021-02-26,64.56999969482422
2021-03-01,63.900001525878906
2021-03-02,64.33000183105469
2021-03-03,64.08999633789062
2021-03-04,64.61000061035156
2021-03-08,64.66000366210938
2021-03-09,64.44000244140625
2021-03-10,64.44999694824219
2021-03-11,64.44000244140625
2021-03-12,64.36000061035156
2021-03-15,64.37000274658203
2021-03-16,64.44999694824219
2021-03-18,64.3499984741211
2021-03-19,64.26000213623047
2021-03-22,64.08000183105469
2021-03-23,63.93000030517578
2021-03-24,63.810001373291016
2021-03-25,63.70000076293945
2021-03-26,63.90999984741211
2021-03-29,63.59000015258789
2021-03-30,63.83000183105469
2021-04-01,63.79999923706055
2021-04-05,63.83000183105469
2021-04-06,63.790000915527344
2021-04-07,63.79999923706055
2021-04-08,64.0
2021-04-09,63.849998474121094
2021-04-12,63.880001068115234
2021-04-13,63.72999954223633
2021-04-14,63.810001373291016
2021-04-15,63.93000030517578
2021-04-16,64.1500015258789
2021-04-19,64.26000213623047
2021-04-20,64.20999908447266
2021-04-22,64.41999816894531
2021-04-23,64.5
2021-04-26,64.51000213623047
2021-04-27,64.5
2021-04-28,64.5
2021-04-29,64.5199966430664
2021-04-30,64.5199966430664
2021-05-03,64.4000015258789
2021-05-04,64.22000122070312
2021-05-05,64.30999755859375
2021-05-06,63.959999084472656
2021-05-07,64.2300033569336
2021-05-10,64.22000122070312
2021-05-11,64.2699966430664
2021-05-12,64.08000183105469
2021-05-13,64.06999969482422
2021-05-14,64.11000061035156
2021-05-17,64.11000061035156
2021-05-18,64.0999984741211
2021-05-19,64.08000183105469
2021-05-20,64.19000244140625
2021-05-21,64.20999908447266
2021-05-24,64.19999694824219
2021-05-25,64.27999877929688
2021-05-26,64.43000030517578
2021-05-27,64.4000015258789
2021-05-28,64.62999725341797
2021-05-31,64.58999633789062
2021-06-01,64.58000183105469
2021-06-02,64.66000366210938
2021-06-04,64.79000091552734
2021-06-07,64.63999938964844
2021-06-08,64.72000122070312
2021-06-09,64.62999725341797
2021-06-10,64.55000305175781
2021-06-11,64.4800033569336
2021-06-14,64.5199966430664
2021-06-15,64.55999755859375
2021-06-16,64.61000061035156
2021-06-17,64.5
2021-06-18,64.33999633789062
2021-06-21,64.41000366210938
2021-06-22,64.33000183105469
2021-06-23,64.41000366210938
2021-06-24,64.5199966430664
2021-06-25,64.5999984741211
2021-06-28,64.7699966430664
2021-06-29,64.81999969482422
2021-06-30,64.68000030517578
2021-07-01,64.68000030517578
2021-07-02,64.66999816894531
2021-07-05,64.52999877929688
2021-07-06,64.41000366210938
2021-07-08,64.4800033569336
2021-07-12,64.52999877929688
2021-07-13,64.44000244140625
2021-07-14,64.63999938964844
2021-07-15,64.62999725341797
2021-07-16,64.77999877929688
2021-07-19,64.75
2021-07-20,64.91000366210938
2021-07-21,64.87000274658203
2021-07-22,64.83999633789062
2021-07-23,64.66999816894531
2021-07-26,64.66000366210938
2021-07-27,64.58000183105469
2021-07-28,64.58000183105469
2021-07-29,64.55999755859375
2021-07-30,64.37999725341797
2021-08-02,64.41999816894531
2021-08-03,64.29000091552734
2021-08-04,64.33999633789062
2021-08-05,63.9900016784668
2021-08-06,63.95000076293945
2021-08-09,63.95000076293945
2021-08-10,64.05999755859375
2021-08-11,64.04000091552734
2021-08-12,63.91999816894531
2021-08-13,63.70000076293945
2021-08-16,63.689998626708984
2021-08-17,63.66999816894531
2021-08-18,63.40999984741211
2021-08-19,63.5
2021-08-20,63.65999984741211
2021-08-23,63.560001373291016
2021-08-24,63.7400016784668
2021-08-25,63.91999816894531
2021-08-26,63.90999984741211
2021-08-27,63.9900016784668
2021-08-30,64.0
2021-08-31,63.88999938964844
2021-09-01,63.86000061035156
2021-09-02,63.66999816894531
2021-09-03,63.619998931884766
2021-09-06,63.650001525878906
2021-09-08,63.439998626708984
2021-09-09,63.310001373291016
2021-09-10,63.290000915527344
2021-09-13,63.349998474121094
2021-09-14,63.58000183105469
2021-09-15,63.47999954223633
2021-09-16,63.5
2021-09-17,63.439998626708984
2021-09-20,63.54999923706055
2021-09-21,63.689998626708984
2021-09-22,63.84000015258789
2021-09-23,63.779998779296875
2021-09-24,63.689998626708984
2021-09-27,63.619998931884766
2021-09-28,63.470001220703125
2021-09-29,63.619998931884766
2021-09-30,63.540000915527344
2021-10-01,63.720001220703125
2021-10-04,63.689998626708984
2021-10-05,63.65999984741211
2021-10-06,63.869998931884766
2021-10-07,63.7599983215332
2021-10-08,63.97999954223633
2021-10-11,63.959999084472656
2021-10-13,64.0199966430664
2021-10-14,63.97999954223633
2021-10-15,63.849998474121094
2021-10-18,63.790000915527344
2021-10-19,63.20000076293945
2021-10-20,63.18000030517578
2021-10-21,62.5099983215332
2021-10-22,61.599998474121094
2021-10-25,62.31999969482422
2021-10-26,62.09000015258789
2021-10-27,62.2400016784668
2021-10-28,61.58000183105469
2021-10-29,61.79999923706055
2021-11-01,61.599998474121094
2021-11-03,62.0099983215332
2021-11-04,61.95000076293945
2021-11-05,62.06999969482422
2021-11-08,62.130001068115234
2021-11-09,62.34000015258789
2021-11-10,62.40999984741211
2021-11-11,62.5099983215332
2021-11-12,62.54999923706055
2021-11-16,62.43000030517578
2021-11-17,62.38999938964844
2021-11-18,62.310001373291016
2021-11-19,62.45000076293945
2021-11-22,62.279998779296875
2021-11-23,62.439998626708984
2021-11-24,62.619998931884766
2021-11-25,62.540000915527344
2021-11-26,62.779998779296875
2021-11-29,62.93000030517578
2021-11-30,62.93000030517578
2021-12-01,63.0099983215332
2021-12-02,63.279998779296875
2021-12-03,63.63999938964844
2021-12-06,63.7400016784668
2021-12-07,64.0199966430664
2021-12-08,63.959999084472656
2021-12-09,63.91999816894531
2021-12-10,64.23999786376953
2021-12-13,64.33000183105469
2021-12-14,64.27999877929688
2021-12-15,64.2300033569336
2021-12-16,64.13999938964844
2021-12-17,64.01000213623047
2021-12-20,64.26000213623047
2021-12-21,64.4800033569336
2021-12-22,64.37999725341797
2021-12-23,64.29000091552734
2021-12-27,64.31999969482422
2021-12-28,64.31999969482422
2021-12-29,64.2699966430664
2021-12-30,64.33000183105469
2022-01-03,64.05999755859375
2022-01-04,63.7599983215332
2022-01-05,63.56999969482422
2022-01-06,63.63999938964844
2022-01-07,63.59000015258789
2022-01-10,63.4900016784668
2022-01-11,63.4900016784668
2022-01-13,63.869998931884766
2022-01-14,63.90999984741211
2022-01-18,63.619998931884766
2022-01-19,63.86000061035156
2022-01-20,64.12999725341797
2022-01-21,63.95000076293945
2022-01-24,64.13999938964844
2022-01-25,64.11000061035156
2022-01-26,64.13999938964844
2022-01-27,63.900001525878906
2022-01-28,63.9900016784668
2022-01-31,64.0199966430664
2022-02-01,64.37000274658203
2022-02-02,64.37999725341797
2022-02-03,64.55000305175781
2022-02-04,64.41999816894531
2022-02-07,64.48999786376953
2022-02-08,64.33999633789062
2022-02-09,64.30999755859375
2022-02-10,64.29000091552734
2022-02-11,64.18000030517578
2022-02-14,64.11000061035156
2022-02-15,64.30000305175781
2022-02-16,64.33000183105469
2022-02-17,64.26000213623047
2022-02-18,64.4000015258789
2022-02-21,64.4800033569336
2022-02-22,64.4000015258789
2022-02-23,64.5199966430664
2022-02-24,64.41000366210938
2022-02-25,64.41000366210938
2022-03-02,64.26000213623047
2022-03-03,64.19999694824219
2022-03-04,63.97999954223633
2022-03-07,63.7599983215332
2022-03-08,63.630001068115234
2022-03-09,63.88999938964844
2022-03-10,63.7400016784668
2022-03-11,63.619998931884766
2022-03-14,63.52000045776367
2022-03-15,63.650001525878906
2022-03-16,63.75
2022-03-17,63.970001220703125
2022-03-18,64.19000244140625
2022-03-21,64.05000305175781
2022-03-22,64.26000213623047
2022-03-23,64.22000122070312
2022-03-24,64.6500015258789
2022-03-25,64.77999877929688
2022-03-28,64.88999938964844
2022-03-29,65.05000305175781
2022-03-30,64.91999816894531
2022-03-31,65.05000305175781
2022-04-01,65.30000305175781
2022-04-04,65.37000274658203
2022-04-05,65.19999694824219
2022-04-06,65.0999984741211
2022-04-07,65.02999877929688
2022-04-08,64.76000213623047
2022-04-11,64.55000305175781
2022-04-12,64.58000183105469
2022-04-13,64.51000213623047
2022-04-14,64.47000122070312
2022-04-18,64.5999984741211
2022-04-19,64.58000183105469
2022-04-20,64.6500015258789
2022-04-22,64.63999938964844
2022-04-25,64.73999786376953
2022-04-26,64.69000244140625
2022-04-27,64.80999755859375
2022-04-28,64.80000305175781
2022-04-29,64.81999969482422
2022-05-02,64.6500015258789
2022-05-03,64.69000244140625
2022-05-04,64.81999969482422
2022-05-05,64.55999755859375
2022-05-06,64.41000366210938
2022-05-09,64.54000091552734
2022-05-10,64.62999725341797
2022-05-11,64.51000213623047
2022-05-12,64.44000244140625
2022-05-13,64.5
2022-05-16,64.72000122070312
2022-05-17,64.7300033569336
2022-05-18,64.7699966430664
2022-05-19,65.0
2022-05-20,65.19999694824219
2022-05-23,65.29000091552734
2022-05-24,65.05000305175781
2022-05-25,65.01000213623047
2022-05-26,65.16000366210938
2022-05-27,65.25
2022-05-30,64.97000122070312
2022-05-31,65.08000183105469
2022-06-01,65.0199966430664
2022-06-02,64.94999694824219
2022-06-03,65.01000213623047
2022-06-06,65.08999633789062
2022-06-07,64.91000366210938
2022-06-08,64.8499984741211
2022-06-09,65.08999633789062
2022-06-10,65.12000274658203
2022-06-13,64.94999694824219
2022-06-14,64.58999633789062
2022-06-15,64.83999633789062
2022-06-17,65.1500015258789
2022-06-20,65.23999786376953
2022-06-21,65.27999877929688
2022-06-22,65.44000244140625
2022-06-23,65.55999755859375
2022-06-24,65.38999938964844
2022-06-27,65.30999755859375
2022-06-28,65.01000213623047
2022-06-29,65.04000091552734
2022-06-30,65.2300033569336
2022-07-01,65.41000366210938
2022-07-04,65.2699966430664
2022-07-05,65.16999816894531
2022-07-06,65.18000030517578
2022-07-07,65.29000091552734
2022-07-08,65.19000244140625
2022-07-11,65.02999877929688
2022-07-12,65.16000366210938
2022-07-13,65.19000244140625
2022-07-14,65.06999969482422
2022-07-15,65.19999694824219
2022-07-18,65.05000305175781
2022-07-19,64.94999694824219
2022-07-20,65.06999969482422
2022-07-21,65.0
2022-07-22,65.19999694824219
2022-07-25,65.44000244140625
2022-07-26,65.41000366210938
2022-07-27,65.52999877929688
2022-07-28,65.76000213623047
2022-07-29,65.9800033569336
2022-08-01,66.30999755859375
2022-08-02,66.19999694824219
2022-08-03,66.30000305175781
2022-08-04,66.69999694824219
2022-08-05,66.88999938964844
2022-08-08,67.2300033569336
2022-08-09,67.13999938964844
2022-08-10,67.20999908447266
2022-08-11,67.16999816894531
2022-08-12,67.44999694824219
2022-08-15,67.56999969482422
2022-08-16,67.55000305175781
2022-08-17,67.48999786376953
2022-08-18,67.4000015258789
2022-08-19,67.25
2022-08-22,67.19000244140625
2022-08-23,67.45999908447266
2022-08-24,67.41000366210938
2022-08-25,67.30000305175781
2022-08-26,67.41999816894531
2022-08-29,67.37000274658203
2022-08-30,67.4000015258789
2022-08-31,67.55999755859375
2022-09-01,67.8499984741211
2022-09-02,67.94000244140625
2022-09-05,67.94999694824219
2022-09-06,67.7300033569336
2022-09-08,68.01000213623047
2022-09-09,68.23999786376953
2022-09-12,68.18000030517578
2022-09-13,67.9000015258789
2022-09-14,68.23999786376953
2022-09-15,67.81999969482422
2022-09-16,67.83000183105469
2022-09-19,67.97000122070312
2022-09-20,68.0
2022-09-21,68.30000305175781
2022-09-22,68.55000305175781
2022-09-23,68.47000122070312
2022-09-26,68.18000030517578
2022-09-27,68.41999816894531
2022-09-28,68.23999786376953
2022-09-29,68.36000061035156
2022-09-30,68.5199966430664
2022-10-03,68.79000091552734
2022-10-04,68.8499984741211
2022-10-05,68.76000213623047
2022-10-06,68.83000183105469
2022-10-07,68.76000213623047
2022-10-10,68.86000061035156
2022-10-11,68.72000122070312
2022-10-13,68.7300033569336
2022-10-14,68.66000366210938
2022-10-17,68.80999755859375
2022-10-18,68.87000274658203
2022-10-19,68.88999938964844
2022-10-20,68.81999969482422
2022-10-21,68.86000061035156
2022-10-24,68.83000183105469
2022-10-25,68.83000183105469
2022-10-26,68.75
2022-10-27,68.8499984741211
2022-10-28,68.97000122070312
2022-10-31,69.08000183105469
2022-11-01,69.18000030517578
2022-11-03,69.11000061035156
2022-11-04,69.23999786376953
2022-11-07,69.0
2022-11-08,68.9000015258789
2022-11-09,68.86000061035156
2022-11-10,68.20999908447266
2022-11-11,67.63999938964844
2022-11-14,68.01000213623047
2022-11-16,67.63999938964844
2022-11-17,67.47000122070312
2022-11-18,66.63999938964844
2022-11-21,67.5199966430664
2022-11-22,67.4000015258789
2022-11-23,67.0
2022-11-24,67.58000183105469
2022-11-25,67.3499984741211
2022-11-28,67.58000183105469
2022-11-29,68.11000061035156
2022-11-30,68.36000061035156
2022-12-01,68.11000061035156
2022-12-02,68.41999816894531
2022-12-05,68.19999694824219
2022-12-06,68.13999938964844
2022-12-07,68.29000091552734
2022-12-08,68.33999633789062
2022-12-09,68.27999877929688
2022-12-12,68.04000091552734
2022-12-13,67.9000015258789
2022-12-14,67.7300033569336
2022-12-15,67.98999786376953
2022-12-16,67.70999908447266
2022-12-19,67.76000213623047
2022-12-20,68.25
2022-12-21,68.38999938964844
2022-12-22,68.58000183105469
2022-12-23,68.80000305175781
2022-12-26,68.77999877929688
2022-12-27,68.73999786376953
2022-12-28,69.05000305175781
2022-12-29,69.18000030517578
2023-01-02,69.30000305175781
2023-01-03,69.0
2023-01-04,68.94000244140625
2023-01-05,69.5
2023-01-06,69.44999694824219
2023-01-09,69.44999694824219
2023-01-10,69.77999877929688
2023-01-11,69.98999786376953
2023-01-12,70.16999816894531
2023-01-13,70.19999694824219
2023-01-16,69.94999694824219
2023-01-17,70.12999725341797
2023-01-18,70.05000305175781
2023-01-19,69.8499984741211
2023-01-20,69.83000183105469
2023-01-23,69.66000366210938
2023-01-24,69.8499984741211
2023-01-25,69.97000122070312
2023-01-26,70.0
2023-01-27,69.91000366210938
2023-01-30,69.86000061035156
2023-01-31,70.0
2023-02-01,69.98999786376953
2023-02-02,70.0199966430664
2023-02-03,69.69999694824219
2023-02-06,69.5999984741211
2023-02-07,69.87000274658203
2023-02-08,69.91999816894531
2023-02-09,70.0
2023-02-10,69.98999786376953
2023-02-13,70.0
2023-02-14,70.02999877929688
2023-02-15,70.43000030517578
2023-02-16,70.4800033569336
2023-02-17,70.5199966430664
2023-02-22,70.41000366210938
2023-02-23,70.56999969482422
2023-02-24,70.33999633789062
2023-02-27,70.66000366210938
2023-02-28,70.56999969482422
2023-03-01,70.54000091552734
2023-03-02,70.43000030517578
2023-03-03,70.4000015258789
2023-03-06,70.6500015258789
2023-03-07,70.7699966430664
2023-03-08,70.98999786376953
2023-03-09,71.20999908447266
2023-03-10,71.2300033569336
2023-03-13,71.41999816894531
2023-03-14,71.30000305175781
2023-03-15,71.4800033569336
2023-03-16,71.51000213623047
2023-03-17,71.61000061035156
2023-03-20,71.69000244140625
2023-03-21,71.69000244140625
2023-03-22,71.87000274658203
2023-03-23,71.69999694824219
2023-03-24,71.9800033569336
2023-03-27,72.12000274658203
2023-03-28,72.0199966430664
2023-03-29,71.91999816894531
2023-03-30,72.16999816894531
2023-03-31,72.26000213623047
2023-04-03,72.33999633789062
2023-04-04,72.37000274658203
2023-04-05,72.5
2023-04-06,72.36000061035156
2023-04-10,72.48999786376953
2023-04-11,72.7300033569336
2023-04-12,72.73999786376953
2023-04-13,72.88999938964844
2023-04-14,72.88999938964844
2023-04-17,72.91999816894531
2023-04-18,72.83999633789062
2023-04-19,72.5999984741211
2023-04-20,72.80999755859375
2023-04-24,72.93000030517578
2023-04-25,73.0199966430664
2023-04-26,73.05999755859375
2023-04-27,73.08999633789062
2023-04-28,73.05999755859375
2023-05-02,73.11000061035156
2023-05-03,73.33999633789062
2023-05-04,73.45999908447266
2023-05-05,73.48999786376953
2023-05-08,73.55000305175781
2023-05-09,73.48999786376953
2023-05-10,73.6500015258789
2023-05-11,73.83999633789062
2023-05-12,73.9000015258789
2023-05-15,74.04000091552734
2023-05-16,73.9800033569336
2023-05-17,73.91999816894531
2023-05-18,74.02999877929688
2023-05-19,74.02999877929688
2023-05-22,74.0
2023-05-23,74.18000030517578
2023-05-24,74.2300033569336
2023-05-25,74.41000366210938
2023-05-26,74.61000061035156
2023-05-29,74.5199966430664
2023-05-30,74.68000030517578
2023-05-31,74.69999694824219
2023-06-01,74.70999908447266
2023-06-02,74.88999938964844
2023-06-05,75.1500015258789
2023-06-06,75.27999877929688
2023-06-07,75.19999694824219
2023-06-09,75.41000366210938
2023-06-12,75.5
2023-06-13,75.33000183105469
2023-06-14,75.43000030517578
2023-06-15,75.47000122070312
2023-06-16,75.44999694824219
2023-06-19,75.5999984741211
2023-06-20,75.62000274658203
2023-06-21,75.69000244140625
2023-06-22,75.70999908447266
2023-06-23,75.81999969482422
2023-06-26,76.01000213623047
2023-06-27,75.98999786376953
2023-06-28,76.0
2023-06-29,76.06999969482422
2023-06-30,76.4000015258789
2023-07-03,75.51000213623047
2023-07-04,75.41000366210938
2023-07-05,76.30000305175781
2023-07-06,76.36000061035156
2023-07-07,76.5999984741211
2023-07-10,76.54000091552734
2023-07-11,76.62000274658203
2023-07-12,76.54000091552734
2023-07-13,76.56999969482422
2023-07-14,76.41000366210938
2023-07-17,76.61000061035156
2023-07-18,76.73999786376953
2023-07-19,76.69000244140625
2023-07-20,76.54000091552734
2023-07-21,76.77999877929688
2023-07-24,76.7699966430664
2023-07-25,76.93000030517578
2023-07-26,77.0199966430664
2023-07-27,76.94999694824219
2023-07-28,76.98999786376953
2023-07-31,77.08999633789062
2023-08-01,77.0999984741211
2023-08-02,77.1500015258789
2023-08-03,77.1500015258789
2023-08-04,77.30000305175781
2023-08-07,77.23999786376953
2023-08-08,77.47000122070312
2023-08-09,77.43000030517578
2023-08-10,77.48999786376953
2023-08-11,77.58000183105469
2023-08-14,77.3499984741211
2023-08-15,77.37999725341797
2023-08-16,77.23999786376953
2023-08-17,77.19999694824219
2023-08-18,77.2699966430664
2023-08-21,77.13999938964844
2023-08-22,77.23999786376953
2023-08-23,77.5199966430664
2023-08-24,77.56999969482422
2023-08-25,77.55000305175781
2023-08-28,77.62999725341797
2023-08-29,77.69999694824219
2023-08-30,77.75
2023-08-31,77.58999633789062
2023-09-01,77.5199966430664
2023-09-04,77.55000305175781
2023-09-05,77.47000122070312
2023-09-06,77.54000091552734
2023-09-08,77.6500015258789
2023-09-11,77.75
2023-09-12,77.80000305175781
2023-09-13,77.9800033569336
2023-09-14,77.94000244140625
2023-09-15,77.8499984741211
2023-09-18,77.94999694824219
2023-09-19,77.80000305175781
2023-09-20,77.83000183105469
2023-09-21,77.76000213623047
2023-09-22,77.88999938964844
2023-09-25,77.79000091552734
2023-09-26,77.4800033569336
2023-09-27,77.30999755859375
2023-09-28,77.41999816894531
2023-09-29,77.68000030517578
2023-10-02,77.37999725341797
2023-10-03,77.12999725341797
2023-10-04,77.3499984741211
2023-10-05,77.4000015258789
2023-10-06,77.5
2023-10-09,77.72000122070312
2023-10-10,77.97000122070312
2023-10-11,77.88999938964844
2023-10-13,77.66000366210938
2023-10-16,77.83000183105469
2023-10-17,77.73999786376953
2023-10-18,77.61000061035156
2023-10-19,77.48999786376953
2023-10-20,77.68000030517578
2023-10-23,77.72000122070312
2023-10-24,77.94000244140625
2023-10-25,78.01000213623047
2023-10-26,78.33999633789062
2023-10-27,78.05999755859375
2023-10-30,77.79000091552734
2023-10-31,77.93000030517578
2023-11-01,78.12999725341797
2023-11-03,78.5
2023-11-06,78.31999969482422
2023-11-07,78.52999877929688
2023-11-08,78.66000366210938
2023-11-09,78.58999633789062
2023-11-10,78.7699966430664
2023-11-13,78.9000015258789
2023-11-14,79.12999725341797
2023-11-16,79.26000213623047
2023-11-17,79.47000122070312
2023-11-20,79.43000030517578
2023-11-21,79.23999786376953
2023-11-22,79.44000244140625
2023-11-23,79.47000122070312
2023-11-24,79.54000091552734
2023-11-27,79.69999694824219
2023-11-28,79.76000213623047
2023-11-29,79.86000061035156
2023-11-30,79.97000122070312
2023-12-01,80.05000305175781
2023-12-04,79.91999816894531
2023-12-05,79.93000030517578
2023-12-06,80.05999755859375
2023-12-07,80.11000061035156
2023-12-08,80.0999984741211
2023-12-11,80.13999938964844
2023-12-12,80.2699966430664
2023-12-13,80.55999755859375
2023-12-14,80.55000305175781
2023-12-15,80.66000366210938
2023-12-18,80.76000213623047
2023-12-19,80.8499984741211
2023-12-20,80.93000030517578
2023-12-21,80.94999694824219
2023-12-22,81.01000213623047
2023-12-26,81.12000274658203
2023-12-27,81.18000030517578
2023-12-28,81.1500015258789
2024-01-02,81.1500015258789
2024-01-03,81.22000122070312
2024-01-04,81.16999816894531
2024-01-05,81.18000030517578
2024-01-08,81.1500015258789
2024-01-09,81.05999755859375
2024-01-10,81.11000061035156
2024-01-11,81.20999908447266
2024-01-12,81.30999755859375
2024-01-15,81.38999938964844
2024-01-16,81.19999694824219
2024-01-17,81.19999694824219
2024-01-18,81.25
2024-01-19,81.23999786376953
2024-01-22,81.30999755859375
2024-01-23,81.33000183105469
2024-01-24,81.37000274658203
2024-01-25,81.54000091552734
2024-01-26,81.6500015258789
2024-01-29,81.61000061035156
2024-01-30,81.58999633789062
2024-01-31,81.7300033569336
2024-02-01,81.76000213623047
2024-02-02,81.68000030517578
2024-02-05,81.66999816894531
2024-02-06,81.77999877929688
2024-02-07,81.77999877929688
2024-02-08,81.69000244140625
2024-02-09,81.6500015258789
2024-02-14,81.6500015258789
2024-02-15,81.66000366210938
2024-02-16,81.62000274658203
2024-02-19,81.73999786376953
2024-02-20,81.86000061035156
2024-02-21,81.87000274658203
2024-02-22,81.8499984741211
2024-02-23,81.80999755859375
2024-02-26,81.69999694824219
2024-02-27,81.83999633789062
2024-02-28,81.91000366210938
2024-02-29,81.95999908447266
2024-03-01,82.1500015258789
2024-03-04,82.19999694824219
2024-03-05,82.2699966430664
2024-03-06,82.5
2024-03-07,82.37999725341797
2024-03-08,82.30999755859375
2024-03-11,82.41000366210938
2024-03-12,82.4800033569336
2024-03-13,82.5
2024-03-14,82.37999725341797
2024-03-15,82.2699966430664
2024-03-18,82.25
2024-03-19,82.2699966430664
2024-03-20,82.44000244140625
2024-03-21,82.44999694824219
2024-03-22,82.38999938964844
2024-03-25,82.58999633789062
2024-03-26,82.44999694824219
2024-03-27,82.54000091552734
2024-03-28,82.4800033569336
2024-04-01,82.41000366210938
2024-04-02,82.36000061035156
2024-04-03,82.36000061035156
2024-04-04,82.37999725341797
2024-04-05,82.19999694824219
2024-04-08,82.41000366210938
2024-04-09,82.4000015258789
2024-04-10,82.13999938964844
2024-04-11,82.19000244140625
2024-04-12,82.20999908447266
2024-04-15,82.05999755859375
2024-04-16,81.55999755859375
2024-04-17,81.7699966430664
2024-04-18,81.88999938964844
2024-04-19,82.11000061035156
2024-04-22,82.18000030517578
2024-04-23,82.19000244140625
2024-04-24,82.08999633789062
2024-04-25,82.0999984741211
2024-04-26,82.29000091552734
2024-04-29,82.37000274658203
2024-04-30,82.06999969482422
2024-05-02,82.43000030517578
2024-05-03,82.68000030517578
2024-05-06,82.54000091552734
2024-05-07,82.61000061035156
2024-05-08,82.47000122070312
2024-05-09,82.45999908447266
2024-05-10,82.33000183105469
2024-05-13,82.30000305175781
2024-05-14,82.55000305175781
2024-05-15,82.5999984741211
2024-05-16,82.58999633789062
2024-05-17,82.5
2024-05-20,82.45999908447266
2024-05-21,82.58000183105469
2024-05-22,82.4000015258789
2024-05-23,82.55999755859375
2024-05-24,82.44999694824219
2024-05-27,82.6500015258789
2024-05-28,85.0999984741211
2024-05-29,82.37000274658203
2024-05-31,82.61000061035156
2024-06-03,82.55000305175781
2024-06-04,82.5999984741211
2024-06-05,82.61000061035156
2024-06-06,82.63999938964844
2024-06-07,82.11000061035156
2024-06-10,82.30999755859375
2024-06-11,82.79000091552734
2024-06-12,82.9800033569336
2024-06-13,82.33999633789062
2024-06-14,82.51000213623047
2024-06-17,82.4000015258789
2024-06-18,82.4000015258789
2024-06-19,82.44999694824219
2024-06-20,82.4800033569336
2024-06-21,82.62000274658203
2024-06-24,82.75
2024-06-25,83.98999786376953
2024-06-26,82.63999938964844
2024-06-27,82.58000183105469
2024-06-28,82.33999633789062
2024-07-01,82.0999984741211
2024-07-02,82.18000030517578
2024-07-03,82.63999938964844
2024-07-04,82.80000305175781
2024-07-05,83.0199966430664
2024-07-08,83.05000305175781
2024-07-09,83.22000122070312
2024-07-10,83.44999694824219
2024-07-11,83.5199966430664
2024-07-12,83.5999984741211
2024-07-15,83.44000244140625
2024-07-16,83.44000244140625
2024-07-17,83.4800033569336
2024-07-18,83.13999938964844
2024-07-19,83.04000091552734
2024-07-22,83.33999633789062
2024-07-23,83.16000366210938
2024-07-24,83.0999984741211
2024-07-25,83.0999984741211
2024-07-26,83.13999938964844
2024-07-29,83.05999755859375
2024-07-30,83.22000122070312
2024-07-31,83.37999725341797
2024-08-01,83.36000061035156
2024-08-02,83.8499984741211
2024-08-05,84.55999755859375
2024-08-06,83.68000030517578
2024-08-07,83.70999908447266
2024-08-08,83.80000305175781
2024-08-09,84.0
2024-08-12,82.75
2024-08-13,84.33000183105469
2024-08-14,84.5
2024-08-15,84.25
2024-08-16,84.2300033569336
2024-08-19,84.37999725341797
2024-08-20,84.36000061035156
2024-08-21,84.44999694824219
2024-08-22,84.19000244140625
2024-08-23,84.41000366210938
2024-08-26,84.5
2024-08-27,84.56999969482422
2024-08-28,84.27999877929688
2024-08-29,84.1500015258789
2024-08-30,83.9000015258789
2024-09-02,83.83999633789062
2024-09-03,83.9800033569336
2024-09-04,84.13999938964844
2024-09-05,84.41000366210938
2024-09-06,84.41999816894531
2024-09-09,84.51000213623047
2024-09-10,84.7699966430664
2024-09-11,84.54000091552734
2024-09-12,84.5999984741211
2024-09-13,84.8499984741211
2024-09-16,84.45999908447266
2024-09-17,84.54000091552734
2024-09-18,84.63999938964844
2024-09-19,84.54000091552734
2024-09-20,83.80000305175781
2024-09-23,83.94000244140625
2024-09-24,84.27999877929688
2024-09-25,84.29000091552734
2024-09-26,84.38999938964844
2024-09-27,84.18000030517578
2024-09-30,84.12999725341797
2024-10-01,84.25
2024-10-02,84.27999877929688
2024-10-03,84.22000122070312
2024-10-04,84.1500015258789
2024-10-07,84.33999633789062
2024-10-08,84.36000061035156
2024-10-09,84.08999633789062
2024-10-10,84.02999877929688
2024-10-11,83.95999908447266
2024-10-14,84.12999725341797
2024-10-15,84.06999969482422
2024-10-16,84.0
2024-10-17,83.69000244140625
2024-10-18,84.0
2024-10-21,84.0199966430664
2024-10-22,84.11000061035156
2024-10-23,83.9800033569336
2024-10-24,84.36000061035156
2024-10-25,84.25
2024-10-28,84.30000305175781
2024-10-29,84.22000122070312
2024-10-30,84.25
2024-10-31,84.20999908447266
2024-11-01,83.94000244140625
2024-11-04,84.23999786376953
2024-11-05,84.41000366210938
2024-11-06,84.44000244140625
2024-11-07,84.52999877929688
2024-11-08,84.5
2024-11-11,84.41000366210938
2024-11-12,84.25
2024-11-13,84.26000213623047
2024-11-14,84.25
2024-11-18,84.20999908447266
2024-11-19,84.36000061035156
2024-11-21,84.4800033569336
2024-11-22,84.45999908447266
2024-11-25,84.56999969482422
2024-11-26,84.61000061035156
2024-11-27,84.20999908447266
2024-11-28,83.70999908447266
2024-11-29,83.95999908447266
2024-12-02,83.88999938964844
2024-12-03,83.30999755859375
2024-12-04,83.48999786376953
2024-12-05,83.45999908447266
2024-12-06,83.23999786376953
2024-12-09,82.95999908447266
2024-12-10,83.41999816894531
2024-12-11,83.52999877929688
2024-12-12,83.55999755859375
2024-12-13,82.97000122070312
2024-12-16,82.44000244140625
2024-12-17,82.4000015258789
2024-12-18,81.77999877929688
2024-12-19,82.55999755859375
2024-12-20,83.1500015258789
2024-12-23,82.73999786376953
2024-12-26,82.5199966430664
2024-12-27,82.27999877929688
2024-12-30,82.1500015258789
2025-01-02,82.43000030517578
2025-01-03,82.75
2025-01-06,83.08999633789062
2025-01-07,83.02999877929688
2025-01-08,82.9800033569336
2025-01-09,83.12000274658203
2025-01-10,82.87000274658203
2025-01-13,83.02999877929688
2025-01-14,83.27999877929688
2025-01-15,83.61000061035156
2025-01-16,83.43000030517578
2025-01-17,83.30000305175781
2025-01-20,83.47000122070312
2025-01-21,83.48999786376953
2025-01-22,83.62000274658203
2025-01-23,83.45999908447266
2025-01-24,83.54000091552734
2025-01-27,83.3499984741211
2025-01-28,83.75
2025-01-29,83.69999694824219
2025-01-30,84.27999877929688
2025-01-31,84.2699966430664
2025-02-03,84.5999984741211
2025-02-04,84.5999984741211
2025-02-05,84.44999694824219
2025-02-06,84.47000122070312
2025-02-07,84.01000213623047
2025-02-10,84.29000091552734
2025-02-11,84.48999786376953
2025-02-12,84.41999816894531
2025-02-13,84.62999725341797
2025-02-14,85.02999877929688
2025-02-17,85.29000091552734
2025-02-18,85.37000274658203
2025-02-19,85.23999786376953
2025-02-20,85.2699966430664
2025-02-21,85.54000091552734
2025-02-24,85.38999938964844
2025-02-25,85.4800033569336
2025-02-26,85.16999816894531
2025-02-27,85.02999877929688
2025-02-28,84.87999725341797
2025-03-05,85.23999786376953
2025-03-06,85.22000122070312
2025-03-07,85.52999877929688
2025-03-10,85.12000274658203
2025-03-11,85.73999786376953
2025-03-12,85.69000244140625
2025-03-13,85.9000015258789
2025-03-14,85.86000061035156
2025-03-17,86.04000091552734
2025-03-18,86.20999908447266
2025-03-19,86.41999816894531
2025-03-20,85.9800033569336
2025-03-21,85.95999908447266
2025-03-24,85.7699966430664
2025-03-25,85.66999816894531
2025-03-26,85.62000274658203
2025-03-27,85.62999725341797
2025-03-28,85.79000091552734
2025-03-31,85.94999694824219
2025-04-01,86.12000274658203
2025-04-02,86.0999984741211
2025-04-03,86.83999633789062
2025-04-04,86.94999694824219
2025-04-07,86.95999908447266
2025-04-08,86.80000305175781
2025-04-09,86.7699966430664
2025-04-10,86.62999725341797
2025-04-11,87.0199966430664
2025-04-14,87.30000305175781
2025-04-15,87.2699966430664
2025-04-16,87.3499984741211
2025-04-17,87.45999908447266
2025-04-22,87.48999786376953
2025-04-23,87.80000305175781
2025-04-24,88.23999786376953
2025-04-25,88.22000122070312
2025-04-28,88.36000061035156
2025-04-29,88.23999786376953
2025-04-30,88.5
2025-05-02,88.48999786376953
2025-05-05,88.33999633789062
2025-05-06,88.58999633789062
2025-05-07,88.66000366210938
2025-05-08,88.75
2025-05-09,88.97000122070312
2025-05-12,88.9000015258789
2025-05-13,88.81999969482422
2025-05-14,88.66999816894531
2025-05-15,88.7699966430664
2025-05-16,88.97000122070312
2025-05-19,89.08999633789062
2025-05-20,89.05999755859375
2025-05-21,88.93000030517578
2025-05-22,89.0
2025-05-23,89.0999984741211
2025-05-26,89.19000244140625
2025-05-27,89.48999786376953
2025-05-28,89.38999938964844
2025-05-29,89.4000015258789
2025-05-30,89.36000061035156
2025-06-02,89.29000091552734
2025-06-03,89.36000061035156
2025-06-04,89.4800033569336
2025-06-05,89.27999877929688
2025-06-06,89.38999938964844
2025-06-09,89.5199966430664
2025-06-10,89.76000213623047
2025-06-11,89.73999786376953
2025-06-12,89.7699966430664
2025-06-13,89.83999633789062
2025-06-16,90.01000213623047
2025-06-17,89.93000030517578
2025-06-18,89.9800033569336
2025-06-20,90.16000366210938
2025-06-23,90.20999908447266
2025-06-24,90.37999725341797
2025-06-25,90.33000183105469
2025-06-26,90.44999694824219
2025-06-27,90.51000213623047
2025-06-30,90.91000366210938
2025-07-01,91.01000213623047
2025-07-02,90.97000122070312
2025-07-03,90.94000244140625
2025-07-04,90.91999816894531
2025-07-07,90.80999755859375
2025-07-08,90.8499984741211
2025-07-09,90.81999969482422
2025-07-10,90.69000244140625
2025-07-11,90.69000244140625
2025-07-14,90.7300033569336
2025-07-15,90.5199966430664
2025-07-16,90.4800033569336
2025-07-17,90.68000030517578
2025-07-18,90.62999725341797
2025-07-21,90.76000213623047
2025-07-22,90.93000030517578
2025-07-23,91.0
2025-07-24,91.0
2025-07-25,90.98999786376953
2025-07-28,91.06999969482422
2025-07-29,91.27999877929688
2025-07-30,91.33000183105469
2025-07-31,91.19999694824219
2025-08-01,91.4000015258789
2025-08-04,91.62000274658203
2025-08-05,91.58000183105469
2025-08-06,91.62999725341797
2025-08-07,91.9000015258789
2025-08-08,91.9000015258789
2025-08-11,92.0999984741211
2025-08-12,92.23999786376953
2025-08-13,92.25
2025-08-14,92.31999969482422
2025-08-15,92.38999938964844
2025-08-18,92.30000305175781
2025-08-19,91.94000244140625
2025-08-20,92.19000244140625
2025-08-21,92.06999969482422
2025-08-22,92.30000305175781
2025-08-25,92.4800033569336
2025-08-26,92.44000244140625
2025-08-27,92.47000122070312
2025-08-28,92.66999816894531
2025-08-29,92.73999786376953
2025-09-01,92.66000366210938
2025-09-02,92.55999755859375
2025-09-03,92.62999725341797
2025-09-04,92.69999694824219
2025-09-05,92.91999816894531
2025-09-08,93.01000213623047
2025-09-09,93.05000305175781
2025-09-10,93.12999725341797
2025-09-11,93.20999908447266
2025-09-12,93.22000122070312
2025-09-15,93.38999938964844
2025-09-16,93.54000091552734
2025-09-17,93.6500015258789
2025-09-18,93.63999938964844
2025-09-19,93.62999725341797
2025-09-22,93.5199966430664
2025-09-23,93.70999908447266
2025-09-24,93.75
2025-09-25,93.62999725341797
2025-09-26,93.66000366210938
2025-09-29,93.63999938964844
2025-09-30,93.76000213623047
2025-10-01,93.80000305175781
2025-10-02,93.63999938964844
2025-10-03,93.61000061035156
2025-10-06,93.72000122070312
2025-10-07,93.58000183105469
2025-10-08,93.72000122070312
2025-10-09,93.86000061035156
2025-10-10,93.79000091552734
2025-10-13,93.86000061035156
2025-10-14,93.97000122070312
2025-10-15,94.12999725341797
2025-10-16,94.13999938964844
2025-10-17,94.16999816894531
2025-10-20,94.38999938964844
2025-10-21,94.48999786376953
2025-10-22,94.62999725341797
2025-10-23,94.70999908447266
2025-10-24,94.91999816894531
2025-10-27,94.9800033569336
2025-10-28,94.97000122070312
2025-10-29,94.87000274658203
2025-10-30,94.81999969482422
2025-10-31,95.04000091552734
2025-11-03,95.08999633789062
2025-11-04,95.05999755859375
2025-11-05,95.22000122070312
2025-11-06,95.2300033569336
2025-11-07,95.30000305175781
2025-11-10,95.5
2025-11-11,95.7699966430664
2025-11-12,95.83999633789062
2025-11-13,95.8499984741211
2025-11-14,95.93000030517578
2025-11-17,95.88999938964844
2025-11-18,95.91000366210938
2025-11-19,96.0
2025-11-21,96.06999969482422
2025-11-24,96.25
2025-11-25,96.41000366210938
2025-11-26,96.55000305175781
2025-11-27,96.62000274658203
2025-11-28,96.62999725341797
2025-12-01,96.58999633789062
2025-12-02,96.80000305175781
2025-12-03,96.83000183105469
2025-12-04,96.94999694824219
2025-12-05,96.27999877929688
2025-12-08,96.20999908447266
2025-12-09,96.18000030517578
2025-12-10,96.13999938964844
2025-12-11,96.29000091552734
2025-12-12,96.55999755859375
2025-12-15,96.69000244140625
2025-12-16,96.55999755859375
2025-12-17,96.16000366210938
2025-12-18,96.20999908447266
2025-12-19,96.41000366210938
2025-12-22,96.37000274658203
2025-12-23,96.44000244140625
2025-12-26,96.72000122070312
2025-12-29,96.73999786376953
2025-12-30,96.86000061035156
2026-01-02,97.29000091552734
2026-01-05,97.30000305175781
2026-01-06,97.37000274658203
2026-01-07,97.4000015258789
2026-01-08,97.48999786376953
2026-01-09,97.44999694824219
2026-01-12,97.61000061035156
2026-01-13,97.70999908447266
2026-01-14,97.62000274658203
2026-01-15,97.61000061035156
