Date,USDT-USD
2017-11-09,3.277895803609198
2017-11-10,3.2682247703473877
2017-11-13,3.3070342407466455
2017-11-14,3.298274208084422
2017-11-15,3.3224318315677692
2017-11-17,3.2751461502240318
2017-11-20,3.260748502682077
2017-11-21,3.241136951650105
2017-11-22,3.257788381966862
2017-11-23,3.2055961396971786
2017-11-24,3.2278030827882565
2017-11-27,3.2370702278451797
2017-11-28,3.2268514386988727
2017-11-29,3.1795482167330817
2017-11-30,3.2710830779753906
2017-12-01,3.303192438413106
2017-12-04,3.2693546196823036
2017-12-05,3.2489880570182095
2017-12-06,3.2724112718488243
2017-12-07,3.336697705966202
2017-12-08,3.3450548892224097
2017-12-11,3.348821813686214
2017-12-12,3.5605609826681075
2017-12-13,3.3928124682136627
2017-12-14,3.3356975009784824
2017-12-15,3.3941805839744186
2017-12-18,3.334862023120081
2017-12-19,3.3256423340243946
2017-12-20,3.2890920204051213
2017-12-21,3.326860700964317
2017-12-22,3.3661571383509
2017-12-25,3.3751519174004163
2017-12-26,3.349075632222309
2017-12-27,3.3218133938044048
2017-12-28,3.33513456958039
2017-12-29,3.329774709163758
2018-01-01,3.331679323399613
2018-01-02,3.3272239385210005
2018-01-03,3.301584977737206
2018-01-04,3.24368584377342
2018-01-05,3.228683460690604
2018-01-08,3.256671909792601
2018-01-09,3.2584017844344544
2018-01-10,3.2509556878827084
2018-01-11,3.231917227094698
2018-01-12,3.2337424568667075
2018-01-15,3.2218888372872527
2018-01-16,3.3229308895642484
2018-01-17,3.269525769556366
2018-01-18,3.296665060291105
2018-01-19,3.2196511066754283
2018-01-22,3.210801448990453
2018-01-23,3.2168634003747343
2018-01-24,3.227359670722123
2018-01-25,3.1438263085309757
2018-01-26,3.1599281654318645
2018-01-29,3.136250219595582
2018-01-30,3.1109822832288074
2018-01-31,3.1485763234313424
2018-02-01,3.143104686762399
2018-02-02,3.1344263074333867
2018-02-05,3.2035288160923163
2018-02-06,3.2940045320573574
2018-02-07,3.2379268468439477
2018-02-08,3.3317340588989452
2018-02-09,3.2915305400305215
2018-02-12,3.2910962765301974
2018-02-13,3.297623126169782
2018-02-14,3.2967363879007507
2018-02-15,3.2335996143271473
2018-02-16,3.2331753087773905
2018-02-19,3.230169141195914
2018-02-20,3.2350721087908587
2018-02-21,3.25745680809689
2018-02-22,3.2809643853237276
2018-02-23,3.253800317970388
2018-02-26,3.2357789291047965
2018-02-27,3.2241757566183082
2018-02-28,3.244936427801789
2018-03-01,3.2461628235244575
2018-03-02,3.2491224706172948
2018-03-05,3.245908372096125
2018-03-06,3.2426203195734047
2018-03-07,3.2159558809815962
2018-03-08,3.262065559396774
2018-03-09,3.271521620931935
2018-03-12,3.263751685393373
2018-03-13,3.2597880584006305
2018-03-14,3.2676614460770566
2018-03-15,3.26267081684648
2018-03-16,3.2773442357729725
2018-03-19,3.246862760864303
2018-03-20,3.2736960698389908
2018-03-21,3.3061986236647276
2018-03-22,3.2693685028244066
2018-03-23,3.2817377443649036
2018-03-26,3.3258024782149107
2018-03-27,3.3156298295628517
2018-03-28,3.3202549618328168
2018-03-29,3.314729305080874
2018-03-30,3.3000080425808562
2018-04-02,3.30242949510216
2018-04-03,3.3106246445004213
2018-04-04,3.3421719363414297
2018-04-05,3.3361189097131216
2018-04-06,3.3452424514130144
2018-04-09,3.3592665879286305
2018-04-10,3.4119548714656105
2018-04-11,3.408151758681584
2018-04-12,3.362410687807128
2018-04-13,3.4072308224888133
2018-04-16,3.4160541463973004
2018-04-17,3.411167237805728
2018-04-18,3.397656901754289
2018-04-19,3.367593426801705
2018-04-20,3.377077865251067
2018-04-23,3.4063504778475813
2018-04-24,3.4653168411702495
2018-04-25,3.443064900517982
2018-04-26,3.4795564229060005
2018-04-27,3.4886180549810595
2018-04-30,3.4543619094455384
2018-05-01,3.518035149700269
2018-05-02,3.4972084740329166
2018-05-03,3.542404935161997
2018-05-04,3.521525193786601
2018-05-07,3.5157591965651
2018-05-08,3.5567244260109874
2018-05-09,3.5637163886754593
2018-05-10,3.595111198810912
2018-05-11,3.557486207817078
2018-05-14,3.6074759122014943
2018-05-15,3.6257285308795693
2018-05-16,3.648517533582506
2018-05-17,3.6750982992345484
2018-05-18,3.69920147380148
2018-05-21,3.7495029565289997
2018-05-22,3.6866167054815264
2018-05-23,3.6606567393437217
2018-05-24,3.6213145687833763
2018-05-25,3.6497050686750754
2018-05-28,3.6352293568586447
2018-05-29,3.736739143944306
2018-05-30,3.72308347353237
2018-05-31,3.7146670079796418
2018-06-01,3.7256847869197993
2018-06-04,3.763556015405243
2018-06-05,3.7483191420234334
2018-06-06,3.8069249735837047
2018-06-07,3.838595641563415
2018-06-08,3.9076825276119953
2018-06-11,3.712050477436321
2018-06-12,3.711655752623102
2018-06-13,3.728113958532617
2018-06-14,3.733489327460518
2018-06-15,3.830437779214094
2018-06-18,3.7392522497369782
2018-06-19,3.7470240282006557
2018-06-20,3.7406145174651333
2018-06-21,3.7710975907303346
2018-06-22,3.7763953812906257
2018-06-25,3.7886474783430515
2018-06-26,3.777214219542259
2018-06-27,3.7879616326104184
2018-06-28,3.849264648505738
2018-06-29,3.872352036366692
2018-07-02,3.871177994447593
2018-07-03,3.9138519070754683
2018-07-04,3.8931634766551326
2018-07-05,3.9350135286674104
2018-07-06,3.9437228320131226
2018-07-09,3.894894492744925
2018-07-10,3.875945389940682
2018-07-11,3.8195255682061044
2018-07-12,3.8724952465720155
2018-07-13,3.8862107872637353
2018-07-16,3.8460857520325082
2018-07-17,3.8565014476706665
2018-07-18,3.844377488060701
2018-07-19,3.8418403483670716
2018-07-20,3.832443265948314
2018-07-23,3.761358063651585
2018-07-24,3.7671876229873646
2018-07-25,3.741570836820415
2018-07-26,3.6788463967667155
2018-07-27,3.7335088021627603
2018-07-30,3.707055038955474
2018-07-31,3.726262145304205
2018-08-01,3.750782072829722
2018-08-02,3.7494727840285123
2018-08-03,3.745007755947782
2018-08-06,3.7058171784009346
2018-08-07,3.740250858081936
2018-08-08,3.7568384215815342
2018-08-09,3.7860854769887733
2018-08-10,3.805603253470452
2018-08-13,3.880590992486788
2018-08-14,3.8724618075643775
2018-08-15,3.8692305204219797
2018-08-16,3.905358641142243
2018-08-17,3.895159119597281
2018-08-20,3.930874062702685
2018-08-21,3.968776268061447
2018-08-22,4.049917029878998
2018-08-23,4.032766226366334
2018-08-24,4.119619949149183
2018-08-27,4.093782016704496
2018-08-28,4.075033031484793
2018-08-29,4.1366283024926815
2018-08-30,4.105623553521127
2018-08-31,4.163161680863823
2018-09-03,4.0481951566683
2018-09-04,4.152793267732903
2018-09-05,4.186721574182002
2018-09-06,4.146870186776824
2018-09-07,4.083104738526799
2018-09-10,4.04897573939337
2018-09-11,4.1031439191490335
2018-09-12,4.15678950266647
2018-09-13,4.18621495118191
2018-09-14,4.214923665939523
2018-09-17,4.189146762088854
2018-09-18,4.141397149251361
2018-09-19,4.16126928562403
2018-09-20,4.136660482404409
2018-09-21,4.0532886548060105
2018-09-24,4.0525517762908985
2018-09-25,4.09310018877261
2018-09-26,4.082276711642862
2018-09-27,4.019138878447848
2018-09-28,4.017697208523714
2018-10-01,4.044290623272219
2018-10-02,4.015359684384264
2018-10-03,3.9338627148721343
2018-10-04,3.8855199159924756
2018-10-05,3.8575444248786823
2018-10-08,3.819743371399752
2018-10-09,3.7650337153724682
2018-10-10,3.6906611887559384
2018-10-11,3.7286141736086056
2018-10-12,3.7591968179939386
2018-10-15,3.7064898737733643
2018-10-16,3.6411201798164257
2018-10-17,3.6164534099515318
2018-10-18,3.615638767909686
2018-10-19,3.674585008681703
2018-10-22,3.6515182476978367
2018-10-23,3.6379725899972755
2018-10-24,3.650350913553325
2018-10-25,3.689278140241186
2018-10-26,3.6670693258458873
2018-10-29,3.630161679411443
2018-10-30,3.7034302265393384
2018-10-31,3.6507155949484518
2018-11-01,3.689892706629607
2018-11-02,3.6708869084471574
2018-11-05,3.6747511860454556
2018-11-06,3.6977680719454753
2018-11-07,3.7345958900803566
2018-11-08,3.709260015575637
2018-11-09,3.7397724721232066
2018-11-12,3.6889285489472456
2018-11-13,3.7103484266836375
2018-11-14,3.674600408118992
2018-11-15,3.714399860020379
2018-11-16,3.733330779131095
2018-11-19,3.677866983601902
2018-11-20,3.6372589613087314
2018-11-21,3.708768903198688
2018-11-22,3.7892214395405968
2018-11-23,3.736812045836217
2018-11-26,3.589413656941687
2018-11-27,3.877689101184345
2018-11-28,3.868162426411302
2018-11-29,3.8391034755198206
2018-11-30,3.819510510761645
2018-12-03,3.852035216925061
2018-12-04,3.84091909027245
2018-12-05,3.8240113163996625
2018-12-06,3.8608099681600274
2018-12-07,3.883349074250873
2018-12-10,3.9706518008357534
2018-12-11,3.955060032517963
2018-12-12,3.940673695265019
2018-12-13,3.8671192683442257
2018-12-14,3.8992480758282113
2018-12-17,3.954423839366058
2018-12-18,3.947754433755989
2018-12-19,3.998355640072077
2018-12-20,3.9718526409737365
2018-12-21,3.8984261858714717
2018-12-24,3.9040372920038635
2018-12-25,3.9769445891124917
2018-12-26,3.9790996915385795
2018-12-27,4.015376422275722
2018-12-28,3.961163881178436
2018-12-31,3.9273616583064936
2019-01-01,3.951139857483099
2019-01-02,3.973064018845207
2019-01-03,3.860030398623934
2019-01-04,3.8196877062447356
2019-01-07,3.7124090507817864
2019-01-08,3.8063551341033417
2019-01-09,3.774879530226144
2019-01-10,3.7663329807683965
2019-01-11,3.7943535402240514
2019-01-14,3.735924721026862
2019-01-15,3.7735131938285065
2019-01-16,3.7852351569313782
2019-01-17,3.7996316097679426
2019-01-18,3.8135722646279655
2019-01-21,3.800362699618802
2019-01-22,3.7852974376842217
2019-01-23,3.8436280730393264
2019-01-24,3.794430185644444
2019-01-25,3.809465812729258
2019-01-28,3.802885298165165
2019-01-29,3.7950831705558135
2019-01-30,3.7452283368592996
2019-01-31,3.7052923181178707
2019-02-01,3.665782636655081
2019-02-04,3.656663676578603
2019-02-05,3.665283841822486
2019-02-06,3.67197931712525
2019-02-07,3.6986829247622657
2019-02-08,3.7221180385796515
2019-02-11,3.740401069005543
2019-02-12,3.7701417282306693
2019-02-13,3.722713289995056
2019-02-14,3.777528316133668
2019-02-15,3.734807196455193
2019-02-18,3.6666860072951977
2019-02-19,3.760120731114512
2019-02-20,3.7479721290098937
2019-02-21,3.74045266665837
2019-02-22,3.79866603532156
2019-02-25,3.8026891430897933
2019-02-26,3.7910805526303766
2019-02-27,3.7809926535144034
2019-02-28,3.7648226051778693
2019-03-01,3.7732377903703878
2019-03-04,3.7646313228837585
2019-03-05,3.8161965871815084
2019-03-06,3.8143446336302134
2019-03-07,3.8693167721506256
2019-03-08,3.90615474348067
2019-03-11,3.8468816922926403
2019-03-12,3.8626185517122162
2019-03-13,3.8500321803869046
2019-03-14,3.854128975464021
2019-03-15,3.878140973814226
2019-03-18,3.8547408326473374
2019-03-19,3.8430976814647693
2019-03-20,3.8276868961803245
2019-03-21,3.8184941067838167
2019-03-22,3.819894904008721
2019-03-25,3.935498118352399
2019-03-26,3.8934424793939115
2019-03-27,3.9224805533885956
2019-03-28,4.031479812381435
2019-03-29,3.8918379148304467
2019-04-01,3.9343694135352507
2019-04-02,3.8799308223622684
2019-04-03,3.8811997278703245
2019-04-04,3.889270179358789
2019-04-05,3.882929843246187
2019-04-08,3.9088002771689503
2019-04-09,3.8784201179329325
2019-04-10,3.862476251788735
2019-04-11,3.8454488328022762
2019-04-12,3.883542377897925
2019-04-15,3.884995108301269
2019-04-16,3.911124330968563
2019-04-17,3.928421300311697
2019-04-18,3.956363877192444
2019-04-19,3.949938428463838
2019-04-22,3.958457039586108
2019-04-23,3.966843245947473
2019-04-24,3.9401012337396537
2019-04-25,3.9609066779409825
2019-04-26,3.9175327029273177
2019-04-29,3.9306538387054384
2019-04-30,3.9681591524681328
2019-05-01,3.9253214844403606
2019-05-02,3.923803583796598
2019-05-03,3.97104686705606
2019-05-06,3.934812719704482
2019-05-07,3.9603230378898644
2019-05-08,3.974152950694247
2019-05-09,3.92347699657148
2019-05-10,3.9497477147098143
2019-05-13,3.9799300274265192
2019-05-14,3.9905037789344533
2019-05-15,3.9861350243856464
2019-05-16,3.996060228881078
2019-05-17,4.033142730170766
2019-05-20,4.1131668067792475
2019-05-21,4.1174097102702945
2019-05-23,4.054674974986426
2019-05-24,4.050832176675157
2019-05-27,4.041085174783348
2019-05-28,4.042140428590302
2019-05-29,4.028770254313202
2019-05-30,3.9812317129990333
2019-05-31,3.9938227320379838
2019-06-03,3.9224813567384444
2019-06-04,3.8649241855374616
2019-06-05,3.873180388673916
2019-06-06,3.893637324435474
2019-06-07,3.90419133549608
2019-06-10,3.8983204899271016
2019-06-11,3.90421007384498
2019-06-12,3.8663877206025177
2019-06-13,3.8732413992443075
2019-06-14,3.871885808309798
2019-06-17,3.9139181801936616
2019-06-18,3.8868135788996483
2019-06-19,3.867712966594013
2019-06-20,3.8362706424950384
2019-06-21,3.84844174306636
2019-06-24,3.812255311085522
2019-06-25,3.8230483255994447
2019-06-26,3.8140400495557283
2019-06-27,3.7880964122393266
2019-06-28,3.8185337924855967
2019-07-01,3.834302218074583
2019-07-02,3.850658047018384
2019-07-03,3.8631771835851225
2019-07-04,3.8247285142507077
2019-07-05,3.8071438076485435
2019-07-08,3.8367671955633114
2019-07-09,3.8075340554536297
2019-07-10,3.7981719408577272
2019-07-11,3.7372264688349044
2019-07-12,3.7798669712722703
2019-07-15,3.7653432700109306
2019-07-16,3.7383999215348918
2019-07-17,3.790805260329136
2019-07-18,3.7950995236119525
2019-07-19,3.7284557458217478
2019-07-22,3.747383341732018
2019-07-23,3.730940440293551
2019-07-24,3.7838979626540095
2019-07-25,3.783092853108797
2019-07-26,3.789836505177846
2019-07-29,3.7754657500803432
2019-07-30,3.7921056064433856
2019-07-31,3.803509713291646
2019-08-01,3.834829468581518
2019-08-02,3.8440075315012616
2019-08-05,3.9226300850874334
2019-08-06,3.9659921752328557
2019-08-07,3.9664629237699387
2019-08-08,3.9572990242146773
2019-08-09,3.912671514520838
2019-08-12,3.9340020525106216
2019-08-13,3.970382719546819
2019-08-14,3.9357211195330426
2019-08-15,4.061511512853713
2019-08-16,3.999791893446854
2019-08-19,4.021723866906654
2019-08-20,4.0754610085787135
2019-08-21,4.029302425653668
2019-08-22,4.035991663479308
2019-08-23,4.083893373817091
2019-08-26,4.131757967001193
2019-08-27,4.147917415394859
2019-08-28,4.110093497452055
2019-08-29,4.1785108027397655
2019-08-30,4.176811114203929
2019-09-02,4.156683920141178
2019-09-03,4.195078806513266
2019-09-04,4.175433643249562
2019-09-05,4.097477554441979
2019-09-06,4.119960215625383
2019-09-09,4.071408257310679
2019-09-10,4.092605828225316
2019-09-11,4.089319370806834
2019-09-12,4.073616479603288
2019-09-13,4.06447683334477
2019-09-16,4.09214284619975
2019-09-17,4.099231513273481
2019-09-18,4.095927825064791
2019-09-19,4.1195767444733065
2019-09-20,4.170562879635553
2019-09-23,4.158869954091642
2019-09-24,4.191288164571006
2019-09-25,4.189787224839337
2019-09-26,4.165475810283509
2019-09-27,4.212326266467699
2019-09-30,4.174181829311409
2019-10-01,4.181374268041168
2019-10-02,4.172236598862127
2019-10-03,4.14480775315326
2019-10-04,4.118997120750918
2019-10-07,4.089160931274819
2019-10-08,4.130223230332263
2019-10-09,4.114295582047475
2019-10-10,4.121598813995888
2019-10-11,4.159146781054005
2019-10-14,4.125735058204441
2019-10-15,4.1404011951233315
2019-10-16,4.204202115022042
2019-10-17,4.1660533244825615
2019-10-18,4.172496966308245
2019-10-21,4.1282765674232
2019-10-22,4.143284229608128
2019-10-23,4.088388282343658
2019-10-24,4.063058197747068
2019-10-25,4.048073297185965
2019-10-28,4.014328176386357
2019-10-29,3.9973162900059833
2019-10-30,4.020092961273036
2019-10-31,4.01178728702945
2019-11-01,4.03246956168573
2019-11-04,4.006726004781741
2019-11-05,4.029823028447197
2019-11-06,4.004108006789749
2019-11-07,4.105700173634432
2019-11-08,4.109740856439715
2019-11-11,4.14347698243273
2019-11-12,4.157103335208205
2019-11-13,4.181133252486688
2019-11-14,4.191869103772432
2019-11-15,4.200042169476319
2019-11-18,4.245170854798857
2019-11-19,4.254212804629787
2019-11-20,4.214502815838387
2019-11-21,4.196724457811342
2019-11-22,4.204463552550351
2019-11-25,4.208063339529531
2019-11-26,4.266694872429752
2019-11-27,4.253073574226619
2019-11-28,4.280092140789975
2019-11-29,4.20693420263143
2019-12-02,4.243220954999401
2019-12-03,4.235536819313097
2019-12-04,4.237375472515339
2019-12-05,4.248463796127339
2019-12-06,4.1989446108395905
2019-12-09,4.136417626018272
2019-12-10,4.165345921880316
2019-12-11,4.194015794951156
2019-12-12,4.1477700297532465
2019-12-13,4.094404398965708
2019-12-16,4.10208617452554
2019-12-17,4.034843830691727
2019-12-18,4.095141962680145
2019-12-19,4.094450078338241
2019-12-20,4.092569781715156
2019-12-23,4.129413380385357
2019-12-24,4.117051922090354
2019-12-25,4.101829694955313
2019-12-26,4.099283300414754
2019-12-27,4.078229276695652
2019-12-30,4.047137633312559
2019-12-31,4.0144219039187865
2020-01-01,4.016127456512634
2020-01-02,4.022585629110837
2020-01-03,4.040265900494717
2020-01-06,4.068777569282247
2020-01-07,4.067396285740415
2020-01-08,4.083493448440265
2020-01-09,4.089504559346665
2020-01-10,4.098082723159678
2020-01-13,4.08412401981451
2020-01-14,4.153349786107127
2020-01-15,4.129878894559056
2020-01-16,4.170990018299336
2020-01-17,4.19564463166779
2020-01-20,4.164463114053206
2020-01-21,4.1944391973779025
2020-01-22,4.213405203944546
2020-01-23,4.174647602721563
2020-01-24,4.181481951786282
2020-01-27,4.167402996175952
2020-01-28,4.209296451499142
2020-01-29,4.203027830385281
2020-01-30,4.235040188009861
2020-01-31,4.244948935347111
2020-02-03,4.277944697448589
2020-02-04,4.254210550499806
2020-02-05,4.2657718456567295
2020-02-06,4.221813738624974
2020-02-07,4.271172336308155
2020-02-10,4.323165444001915
2020-02-11,4.314160564424527
2020-02-12,4.338604781324875
2020-02-13,4.348312182686642
2020-02-14,4.3472623239997565
2020-02-17,4.290442717537758
2020-02-18,4.329783776415752
2020-02-19,4.360566230546396
2020-02-20,4.375320033621392
2020-02-21,4.406082930123091
2020-02-24,4.384532222459087
2020-02-25,4.392978115131143
2020-02-26,4.398828645859113
2020-02-27,4.442039412977266
2020-02-28,4.471744736691961
2020-03-02,4.41909343691492
2020-03-03,4.483567582887077
2020-03-04,4.516007170270541
2020-03-05,4.594959068964727
2020-03-06,4.598968546763217
2020-03-09,4.585430366772472
2020-03-10,4.731028140313072
2020-03-11,4.636557188967345
2020-03-12,5.071747576166672
2020-03-13,4.788423168286499
2020-03-16,4.838061574464518
2020-03-17,4.8797490710611555
2020-03-18,4.880689991786028
2020-03-19,5.120259001336763
2020-03-20,5.081749762159235
2020-03-23,5.029414677477463
2020-03-24,5.144131930443109
2020-03-25,5.09093218533556
2020-03-26,5.026063877437822
2020-03-27,5.0894908748666685
2020-03-30,5.137982585704152
2020-03-31,5.208418015968164
2020-04-01,5.228195397114632
2020-04-02,5.251963129357989
2020-04-03,5.264296932690911
2020-04-06,5.310167174939068
2020-04-07,5.2780534943644275
2020-04-08,5.217125932710501
2020-04-09,5.1412530864155315
2020-04-10,5.109848950220339
2020-04-13,5.1071696742900485
2020-04-14,5.181896279491128
2020-04-15,5.159568898354962
2020-04-16,5.251239625542041
2020-04-17,5.266166540348422
2020-04-20,5.257837840569493
2020-04-21,5.34971643978281
2020-04-22,5.319842008404407
2020-04-23,5.444305533979047
2020-04-24,5.576988389054351
2020-04-27,5.595397529953857
2020-04-28,5.696814654974332
2020-04-29,5.5420554065999
2020-04-30,5.3620715401635834
2020-05-01,5.530639575978057
2020-05-04,5.51045922686103
2020-05-05,5.545342808643454
2020-05-06,5.67812103275719
2020-05-07,5.7317454374696695
2020-05-08,5.850658632137424
2020-05-11,5.468039709181086
2020-05-12,5.821375875341459
2020-05-13,5.88616512068711
2020-05-14,5.879689735730836
2020-05-15,5.832475329723366
2020-05-18,5.8631101822245455
2020-05-19,5.696232557247412
2020-05-20,5.749145312404778
2020-05-21,5.7018867408454526
2020-05-22,5.565098619002298
2020-05-25,5.546386082308572
2020-05-26,5.432556723066341
2020-05-27,5.368336615890712
2020-05-28,5.278779214952465
2020-05-29,5.42172943645437
2020-06-01,5.340780312657898
2020-06-02,5.353212570793631
2020-06-03,5.199330802558735
2020-06-04,5.0742997526626255
2020-06-05,5.132684588695156
2020-06-08,4.970098017938085
2020-06-09,4.838326043945016
2020-06-10,4.905433908027476
2020-06-11,4.975188473699177
2020-06-12,4.99049731761312
2020-06-15,5.058793939014777
2020-06-16,5.154922593434207
2020-06-17,5.245550784499869
2020-06-18,5.238449799022419
2020-06-19,5.344017488747114
2020-06-22,5.298981605290892
2020-06-23,5.2678557248708
2020-06-24,5.15256093049743
2020-06-25,5.347145639615975
2020-06-26,5.353904745501438
2020-06-29,5.491773917144656
2020-06-30,5.401581359908647
2020-07-01,5.470225925566013
2020-07-02,5.399759718576433
2020-07-03,5.356333248557803
2020-07-06,5.3126536097377075
2020-07-07,5.3500541682544736
2020-07-08,5.377047034968655
2020-07-09,5.359028382732276
2020-07-10,5.337725258886451
2020-07-13,5.324513615343562
2020-07-14,5.39634734325992
2020-07-15,5.363815932939815
2020-07-16,5.366840643014258
2020-07-17,5.32865307516522
2020-07-20,5.388542147374778
2020-07-21,5.321807575001572
2020-07-22,5.174333836694132
2020-07-23,5.108815892907273
2020-07-24,5.205352718514291
2020-07-27,5.234836361443058
2020-07-28,5.1458126480267765
2020-07-29,5.165386683173665
2020-07-30,5.178429365692182
2020-07-31,5.154626973137056
2020-08-03,5.228582460054554
2020-08-04,5.320821963352387
2020-08-05,5.3065414033471825
2020-08-06,5.291826133911399
2020-08-07,5.3464726747263285
2020-08-10,5.4429583651324265
2020-08-11,5.500728517514517
2020-08-12,5.454601091828124
2020-08-13,5.544841442143819
2020-08-14,5.372495952950089
2020-08-17,5.421401830314949
2020-08-18,5.523282394071316
2020-08-19,5.4785610538033325
2020-08-20,5.5586724290597544
2020-08-21,5.581174033605749
2020-08-24,5.629702319121861
2020-08-25,5.623869024907833
2020-08-26,5.51760518862693
2020-08-27,5.619569449269364
2020-08-28,5.580037572921697
2020-08-31,5.407199325135479
2020-09-01,5.512627713193524
2020-09-02,5.407165788962857
2020-09-03,5.368035717975488
2020-09-04,5.309398138835604
2020-09-07,5.3038469559589325
2020-09-08,5.303730342577637
2020-09-09,5.371868069136838
2020-09-10,5.3162341695684745
2020-09-11,5.328571400843771
2020-09-14,5.323052414442998
2020-09-15,5.281402024719456
2020-09-16,5.292464557867447
2020-09-17,5.245833390350526
2020-09-18,5.235191713570742
2020-09-21,5.407386971421602
2020-09-22,5.420415738140321
2020-09-23,5.474949054326544
2020-09-24,5.5994914006694785
2020-09-25,5.516485981601363
2020-09-28,5.567334244782614
2020-09-29,5.665034016806203
2020-09-30,5.638179800411081
2020-10-01,5.612320382216694
2020-10-02,5.647918892114831
2020-10-05,5.686520674786777
2020-10-06,5.575896839770962
2020-10-07,5.597755054021206
2020-10-08,5.61832564876221
2020-10-09,5.6052065539975615
2020-10-12,5.536198584541695
2020-10-13,5.535843467969698
2020-10-14,5.574107303602034
2020-10-15,5.594949694595926
2020-10-16,5.617074867288294
2020-10-19,5.649614875952238
2020-10-20,5.611121543861657
2020-10-21,5.614478184610732
2020-10-22,5.613918135841232
2020-10-23,5.594973284525736
2020-10-26,5.621580098028289
2020-10-27,5.623954304707183
2020-10-28,5.707139877195004
2020-10-29,5.7469054541425075
2020-10-30,5.783023006681276
2020-11-02,5.744402351471081
2020-11-03,5.7442692557970645
2020-11-04,5.76110930439313
2020-11-05,5.6653784214706775
2020-11-06,5.525034737798876
2020-11-09,5.366201981368135
2020-11-10,5.390768403066659
2020-11-11,5.419232732637113
2020-11-12,5.392743503979432
2020-11-13,5.458582364244535
2020-11-16,5.459247993378085
2020-11-17,5.419448063871187
2020-11-18,5.329325454018772
2020-11-19,5.3658878634905705
2020-11-20,5.306765165253751
2020-11-23,5.378594862596629
2020-11-24,5.439555396298346
2020-11-25,5.372885084990855
2020-11-26,5.333431494556123
2020-11-27,5.3417021190506375
2020-11-30,5.344514647503331
2020-12-01,5.3381529507227015
2020-12-02,5.208392427075636
2020-12-03,5.220681434854896
2020-12-04,5.152220748429954
2020-12-07,5.157343098567253
2020-12-08,5.096800928485266
2020-12-09,5.121665782160164
2020-12-10,5.171007883990911
2020-12-11,5.026501056701704
2020-12-14,5.063855513804326
2020-12-15,5.122392815252397
2020-12-16,5.078777565526253
2020-12-17,5.0823764719045235
2020-12-18,5.061289225706788
2020-12-21,5.09971750137089
2020-12-22,5.117100276745049
2020-12-23,5.153694952365242
2020-12-24,5.214940111786347
2020-12-25,5.2161760756751505
2020-12-28,5.208014237681084
2020-12-29,5.238503395673888
2020-12-30,5.210032491719971
2020-12-31,5.193942695556871
2021-01-01,5.202048376092023
2021-01-04,5.19256449942111
2021-01-05,5.306960437503676
2021-01-06,5.292174290956723
2021-01-07,5.3150249457028735
2021-01-08,5.4090432068881
2021-01-11,5.415364934679702
2021-01-12,5.489971969371994
2021-01-13,5.321490879085502
2021-01-14,5.2920119851934535
2021-01-15,5.194994623687762
2021-01-18,5.295553746937003
2021-01-19,5.297108064041822
2021-01-20,5.36037490465344
2021-01-21,5.288891938278881
2021-01-22,5.356722246352491
2021-01-25,5.46534122833964
2021-01-26,5.4714080277553885
2021-01-27,5.36324423906035
2021-01-28,5.420951926103043
2021-01-29,5.440632186187599
2021-02-01,5.464322613444892
2021-02-02,5.438249649508634
2021-02-03,5.372336854448463
2021-02-04,5.356302963446979
2021-02-05,5.426411014140399
2021-02-08,5.374805862380412
2021-02-09,5.3709087417323635
2021-02-10,5.380582174234689
2021-02-11,5.386876595900844
2021-02-12,5.374478398000406
2021-02-15,5.3699419443574925
2021-02-16,5.3701635847214675
2021-02-17,5.371386840066408
2021-02-18,5.409902591491743
2021-02-19,5.426890361135179
2021-02-22,5.381297282195533
2021-02-23,5.463574432274072
2021-02-24,5.443717653744444
2021-02-25,5.403769219534865
2021-02-26,5.527991871205557
2021-03-01,5.599889441197206
2021-03-02,5.646464552870896
2021-03-03,5.677466332825929
2021-03-04,5.617915686058211
2021-03-05,5.672942307238942
2021-03-08,5.691957801279386
2021-03-09,5.878524453404907
2021-03-10,5.804551150478119
2021-03-11,5.674406689498767
2021-03-12,5.53669829604047
2021-03-15,5.497210777256499
2021-03-16,5.614825995149886
2021-03-17,5.618243455156602
2021-03-18,5.588263901671723
2021-03-19,5.573330705066894
2021-03-22,5.503512169332226
2021-03-23,5.512078658389328
2021-03-24,5.527582364811451
2021-03-25,5.625309449345934
2021-03-26,5.655302255947106
2021-03-29,5.75101369900213
2021-03-30,5.785979329561087
2021-03-31,5.771715358348046
2021-04-01,5.633912684857023
2021-04-02,5.710687417513327
2021-04-05,5.712050591514753
2021-04-06,5.672213606069533
2021-04-07,5.603575681259315
2021-04-08,5.613037413629797
2021-04-09,5.572712177178915
2021-04-12,5.678942023520364
2021-04-13,5.728044465162014
2021-04-14,5.725389004891213
2021-04-15,5.657857941020836
2021-04-16,5.628166754305084
2021-04-19,5.585046062625223
2021-04-20,5.5449562602038895
2021-04-21,5.5675215140517755
2021-04-22,5.568401308612408
2021-04-23,5.4440819393338415
2021-04-26,5.477429863740327
2021-04-27,5.435636801234978
2021-04-28,5.45128353072323
2021-04-29,5.341218674297124
2021-04-30,5.3364477431777
2021-05-03,5.440597599145804
2021-05-04,5.437833421344409
2021-05-05,5.441919497744749
2021-05-06,5.353605047336941
2021-05-07,5.274306522505071
2021-05-10,5.236216972987393
2021-05-11,5.2220274747160715
2021-05-12,5.221163578009679
2021-05-13,5.302399971083303
2021-05-14,5.307514451742634
2021-05-17,5.268456382854879
2021-05-18,5.275084571436764
2021-05-19,5.267999384684799
2021-05-20,5.317830692453754
2021-05-21,5.291271356400898
2021-05-24,5.369692743872747
2021-05-25,5.324611308801707
2021-05-26,5.340113757684776
2021-05-27,5.315762780631189
2021-05-28,5.240719811649001
2021-05-31,5.24079169006643
2021-06-01,5.217168327849663
2021-06-02,5.1525326629353
2021-06-03,5.077397686887025
2021-06-04,5.081569116753998
2021-06-07,5.048580432828146
2021-06-08,5.051203392161483
2021-06-09,5.03777998102953
2021-06-10,5.065235584610548
2021-06-11,5.057083206408208
2021-06-14,5.120203181212048
2021-06-15,5.060507339434423
2021-06-16,5.043915921852147
2021-06-17,5.05806557821586
2021-06-18,5.0161581722886694
2021-06-21,5.0964539899999295
2021-06-22,5.018123043386652
2021-06-23,4.96079796925369
2021-06-24,4.96593981980493
2021-06-25,4.911938844891893
2021-06-28,4.915046107576244
2021-06-29,4.924917922590225
2021-06-30,4.956170396960715
2021-07-01,4.9703232769315955
2021-07-02,5.045268713627706
2021-07-05,5.062574174754275
2021-07-06,5.088916991538554
2021-07-07,5.1989782914289435
2021-07-08,5.230677011372676
2021-07-09,5.256101625837318
2021-07-12,5.25932493296159
2021-07-13,5.172182572455426
2021-07-14,5.16309640843133
2021-07-15,5.069631389312037
2021-07-16,5.111906193544598
2021-07-19,5.115875483974605
2021-07-20,5.252459048197409
2021-07-21,5.22128839459333
2021-07-22,5.18842564658803
2021-07-23,5.20129548389923
2021-07-26,5.199220266880161
2021-07-27,5.176082750267597
2021-07-28,5.169704304565356
2021-07-29,5.116221870606523
2021-07-30,5.081837757775361
2021-08-02,5.211512972332912
2021-08-03,5.176173118390693
2021-08-04,5.197289022848963
2021-08-05,5.168701519347792
2021-08-06,5.247203543341584
2021-08-09,5.2328000850484955
2021-08-10,5.233447839714245
2021-08-11,5.191075931906198
2021-08-12,5.221028704206958
2021-08-13,5.25356567483857
2021-08-16,5.249798216198656
2021-08-17,5.260851629802232
2021-08-18,5.296809451236186
2021-08-19,5.3769058047749345
2021-08-20,5.417717053574734
2021-08-23,5.383308589727392
2021-08-24,5.381314761561498
2021-08-25,5.247683566767591
2021-08-26,5.213240632638474
2021-08-27,5.253464134236652
2021-08-30,5.205442563287648
2021-08-31,5.185641969440781
2021-09-01,5.1509531814056695
2021-09-02,5.186056626070581
2021-09-03,5.182939579581557
2021-09-06,5.189135640851276
2021-09-07,5.1718488007936685
2021-09-08,5.170840550043578
2021-09-09,5.3213770073700175
2021-09-10,5.198162484828117
2021-09-13,5.248233060530254
2021-09-14,5.215707690998613
2021-09-15,5.241310228802263
2021-09-16,5.224055015066199
2021-09-17,5.254949649463184
2021-09-20,5.2892557866964305
2021-09-21,5.323668542118867
2021-09-22,5.269110959812679
2021-09-23,5.290386067682619
2021-09-24,5.306247683701599
2021-09-27,5.339737547700452
2021-09-28,5.392006397227306
2021-09-29,5.429130757019493
2021-09-30,5.415139030212686
2021-10-01,5.442668492564279
2021-10-04,5.367030265813241
2021-10-05,5.455599279486648
2021-10-06,5.477235717151643
2021-10-07,5.493959607755756
2021-10-08,5.517640118741156
2021-10-11,5.51073232665408
2021-10-12,5.53653102872596
2021-10-13,5.532036619292285
2021-10-14,5.512687094503121
2021-10-15,5.507525559206356
2021-10-18,5.458503232665521
2021-10-19,5.511944602177777
2021-10-20,5.582964993523689
2021-10-21,5.596423544350046
2021-10-22,5.657115618324212
2021-10-25,5.645669131826878
2021-10-26,5.555666633503109
2021-10-27,5.569201284239
2021-10-28,5.5376787304139725
2021-10-29,5.645176417092841
2021-11-01,5.635339243583815
2021-11-02,5.683528260909725
2021-11-03,5.682449602753934
2021-11-04,5.557158494520934
2021-11-05,5.610399597331707
2021-11-08,5.543554631196685
2021-11-09,5.544219256782185
2021-11-10,5.479631899307378
2021-11-11,5.493435435343485
2021-11-12,5.39861494157003
2021-11-15,5.465797634300088
2021-11-16,5.459982582254951
2021-11-17,5.502546448906287
2021-11-18,5.528534118173297
2021-11-19,5.560956296250481
2021-11-22,5.614130578339768
2021-11-23,5.5862983816020915
2021-11-24,5.574282900117851
2021-11-25,5.602963375594983
2021-11-26,5.567142837464132
2021-11-29,5.6107494370496624
2021-11-30,5.602301607020365
2021-12-01,5.622304325486709
2021-12-02,5.692557536093999
2021-12-03,5.646804074600368
2021-12-06,5.657794043874446
2021-12-07,5.693529123502799
2021-12-08,5.6082422304951365
2021-12-09,5.5364790330396545
2021-12-10,5.580793831232768
2021-12-13,5.609395971135029
2021-12-14,5.683380466537983
2021-12-15,5.6828836183262865
2021-12-16,5.680876585403498
2021-12-17,5.692166140204108
2021-12-20,5.687201679558711
2021-12-21,5.743579212350028
2021-12-22,5.745906953797714
2021-12-23,5.65519339020284
2021-12-24,5.678613271415883
2021-12-27,5.670782397143172
2021-12-28,5.6306692282963695
2021-12-29,5.629154374020231
2021-12-30,5.708608408796806
2021-12-31,5.571252437466001
2022-01-03,5.570219029360033
2022-01-04,5.682381831890097
2022-01-05,5.676892131866339
2022-01-06,5.706747820255259
2022-01-07,5.683832239398839
2022-01-10,5.633218965440051
2022-01-11,5.664249909081604
2022-01-12,5.568914561333372
2022-01-13,5.535440478286375
2022-01-14,5.52826409171189
2022-01-17,5.535336172206655
2022-01-18,5.518116493630089
2022-01-19,5.568426969912366
2022-01-20,5.438597512644493
2022-01-21,5.419059023657098
2022-01-24,5.459495842335855
2022-01-25,5.489413984977887
2022-01-26,5.444131627076502
2022-01-27,5.431034633561012
2022-01-28,5.405348978647339
2022-01-31,5.365200407050679
2022-02-01,5.305359516118756
2022-02-02,5.266500857645269
2022-02-03,5.262930726321542
2022-02-04,5.285874263766118
2022-02-07,5.32985663967429
2022-02-08,5.265857777776091
2022-02-09,5.262312135001594
2022-02-10,5.238300097534876
2022-02-11,5.252489969344083
2022-02-14,5.252649135736419
2022-02-15,5.217050206554461
2022-02-16,5.159947372260376
2022-02-17,5.138444740236082
2022-02-18,5.173490159881908
2022-02-21,5.140078784429647
2022-02-22,5.106292789885856
2022-02-23,5.059618540173119
2022-02-24,5.011885334722308
2022-02-25,5.124627812772815
2022-02-28,5.161210688776919
2022-03-01,5.160731870296331
2022-03-02,5.161408877692963
2022-03-03,5.096589660632333
2022-03-04,5.031891355240646
2022-03-07,5.061182796735011
2022-03-08,5.1119412711460654
2022-03-09,5.060287356536833
2022-03-10,5.014331639938291
2022-03-11,5.01070192769771
2022-03-14,5.0746111893400325
2022-03-15,5.123110552127628
2022-03-16,5.165445866160496
2022-03-17,5.07641170400882
2022-03-18,5.041834312582978
2022-03-21,5.019541122362114
2022-03-22,4.936863399863967
2022-03-23,4.912008072075423
2022-03-24,4.827094578668095
2022-03-25,4.828259751593009
2022-03-28,4.738851395355596
2022-03-29,4.76624399158743
2022-03-30,4.757522041561515
2022-03-31,4.771149961367655
2022-04-01,4.7394961850362165
2022-04-04,4.658261921802932
2022-04-05,4.59469105156785
2022-04-06,4.651420820965768
2022-04-07,4.716435433564698
2022-04-08,4.753468641469227
2022-04-11,4.699734896917676
2022-04-12,4.695641868954738
2022-04-13,4.6743851711377715
2022-04-14,4.690795309882446
2022-04-15,4.702123821428812
2022-04-18,4.701625036915459
2022-04-19,4.653595424158255
2022-04-20,4.665942014448092
2022-04-21,4.621525477602972
2022-04-22,4.621881321720593
2022-04-25,4.795894976025011
2022-04-26,4.876555947604402
2022-04-27,4.998564264445008
2022-04-28,4.964548073703554
2022-04-29,4.937898820684949
2022-05-02,4.971076409125658
2022-05-03,5.084928623669214
2022-05-04,4.958288387519076
2022-05-05,4.918740947319548
2022-05-06,5.027909370901399
2022-05-09,5.079937590909907
2022-05-10,5.159821622621622
2022-05-11,5.11011807257546
2022-05-12,5.121976173663654
2022-05-13,5.124359947328686
2022-05-16,5.052123828180128
2022-05-17,5.054179862199817
2022-05-18,4.9321840483481205
2022-05-19,4.962388579629532
2022-05-20,4.924172471368564
2022-05-23,4.875749114822695
2022-05-24,4.809201487546319
2022-05-25,4.812866580201785
2022-05-26,4.817528981773619
2022-05-27,4.7627783905454635
2022-05-30,4.726648677473975
2022-05-31,4.749491355276519
2022-06-01,4.726899628814409
2022-06-02,4.812210749864079
2022-06-03,4.791719667701729
2022-06-06,4.771709978514763
2022-06-07,4.791390670559111
2022-06-08,4.863933699869791
2022-06-09,4.894739852443877
2022-06-10,4.89927919534054
2022-06-13,4.976992632099438
2022-06-14,5.108051356298206
2022-06-15,5.110687090631643
2022-06-16,5.04659429163803
2022-06-17,5.047329591034583
2022-06-20,5.14672633413025
2022-06-21,5.182500514921229
2022-06-22,5.118163855643445
2022-06-23,5.189860660424983
2022-06-24,5.234464147743609
2022-06-27,5.236640484093413
2022-06-28,5.2306835450769995
2022-06-29,5.260722723348664
2022-06-30,5.174781420557509
2022-07-01,5.2460492095205495
2022-07-04,5.326250089062683
2022-07-05,5.323461811412073
2022-07-06,5.380342588904028
2022-07-07,5.424992724671854
2022-07-08,5.335093367952028
2022-07-11,5.249928444002251
2022-07-12,5.373667187869784
2022-07-13,5.433151112303194
2022-07-14,5.387703295621662
2022-07-15,5.421205599742166
2022-07-18,5.40889363384025
2022-07-19,5.43730034942655
2022-07-20,5.413467582090675
2022-07-21,5.470637620001014
2022-07-22,5.49808562287626
2022-07-25,5.497040544021274
2022-07-26,5.356551454323721
2022-07-27,5.351565662609687
2022-07-28,5.244048804527665
2022-07-29,5.184312065209156
2022-08-01,5.172254553181574
2022-08-02,5.184824401857895
2022-08-03,5.278776424480668
2022-08-04,5.2834028593622415
2022-08-05,5.211318767933336
2022-08-08,5.1655141628795604
2022-08-09,5.111167669884707
2022-08-10,5.124996243918076
2022-08-11,5.095768110986796
2022-08-12,5.158733079812862
2022-08-15,5.0757834141516005
2022-08-16,5.096186310544454
2022-08-17,5.1421140127422404
2022-08-18,5.1649947282672315
2022-08-19,5.167309641946304
2022-08-22,5.168317250540895
2022-08-23,5.156058614410596
2022-08-24,5.103698831136683
2022-08-25,5.110508546466917
2022-08-26,5.108919649198924
2022-08-29,5.062661737203598
2022-08-30,5.027607139223903
2022-08-31,5.121981899095886
2022-09-01,5.181752117016232
2022-09-02,5.240866491637064
2022-09-05,5.1711966453792115
2022-09-06,5.15415266191485
2022-09-07,5.247771732903857
2022-09-08,5.247235199813532
2022-09-09,5.214525153011039
2022-09-12,5.1473495148449615
2022-09-13,5.092127480507088
2022-09-14,5.19053662437733
2022-09-15,5.162715562284518
2022-09-16,5.24600020015933
2022-09-19,5.2512564506885155
2022-09-20,5.171209926919175
2022-09-21,5.1419419075843384
2022-09-22,5.170317550466166
2022-09-23,5.115402707785877
2022-09-26,5.258747370338141
2022-09-27,5.3892920709608925
2022-09-28,5.377970732792194
2022-09-29,5.374624621213911
2022-09-30,5.396464566978693
2022-10-03,5.414782104739402
2022-10-04,5.164796153384032
2022-10-05,5.1763637877774045
2022-10-06,5.195943145747151
2022-10-07,5.220736522939717
2022-10-10,5.198493594932927
2022-10-11,5.186286492657358
2022-10-12,5.292057684576888
2022-10-13,5.2919183092785715
2022-10-14,5.26018933484238
2022-10-17,5.327767916288394
2022-10-18,5.277918287772992
2022-10-19,5.240114166663659
2022-10-20,5.269168127227743
2022-10-21,5.217241708176061
2022-10-24,5.163694394264553
2022-10-25,5.307303824311247
2022-10-26,5.316257365769503
2022-10-27,5.384395643583275
2022-10-28,5.339979710581815
2022-10-31,5.288219602325513
2022-11-01,5.178406538359212
2022-11-02,5.142379251671684
2022-11-03,5.14263622920555
2022-11-04,5.115289128574318
2022-11-07,5.0786097820125065
2022-11-08,5.153491627172571
2022-11-09,5.135799957099152
2022-11-10,5.1739741547473
2022-11-11,5.332061218339702
2022-11-14,5.273848537392866
2022-11-15,5.326562035263009
2022-11-16,5.327589181808464
2022-11-17,5.395771493394135
2022-11-18,5.417561617419551
2022-11-21,5.376397622300373
2022-11-22,5.314116659026496
2022-11-23,5.353381704231708
2022-11-24,5.355197755799851
2022-11-25,5.317755126880684
2022-11-28,5.40667202445249
2022-11-29,5.363326466929009
2022-11-30,5.268279050968886
2022-12-01,5.18181705551001
2022-12-02,5.1839367225136925
2022-12-05,5.218281716581657
2022-12-06,5.28040681840605
2022-12-07,5.2340108129982355
2022-12-08,5.204660685061924
2022-12-09,5.224597598952755
2022-12-12,5.235560539975154
2022-12-13,5.3213907415752715
2022-12-14,5.293355817408042
2022-12-15,5.277611647718572
2022-12-16,5.3126339483981155
2022-12-19,5.306933482593422
2022-12-20,5.292187509514292
2022-12-21,5.198800345231689
2022-12-22,5.199957178928117
2022-12-23,5.16550160489419
2022-12-26,5.164274108338531
2022-12-27,5.216717454908605
2022-12-28,5.29063845648875
2022-12-29,5.265404212923386
2022-12-30,5.282797742167276
2023-01-02,5.2842896645551605
2023-01-03,5.358839094116008
2023-01-04,5.477201550271502
2023-01-05,5.428454804532664
2023-01-06,5.348398344440284
2023-01-09,5.2243947497129
2023-01-10,5.254225236667992
2023-01-11,5.198398414812289
2023-01-12,5.158974929112219
2023-01-13,5.108792820128031
2023-01-16,5.081340110280053
2023-01-17,5.146529930105317
2023-01-18,5.099548773004243
2023-01-19,5.185419173583455
2023-01-20,5.173926096652508
2023-01-23,5.207361695638497
2023-01-24,5.2065772577655025
2023-01-25,5.139299293913154
2023-01-26,5.072615822968146
2023-01-27,5.063666678876757
2023-01-30,5.107675029768189
2023-01-31,5.11549827063203
2023-02-01,5.072696846515328
2023-02-02,5.054207421446563
2023-02-03,5.04986155877873
2023-02-06,5.1503253255664285
2023-02-07,5.146096244118894
2023-02-08,5.2099825168544385
2023-02-09,5.2003269354238455
2023-02-10,5.290309241867477
2023-02-13,5.218347302713369
2023-02-14,5.160484053826224
2023-02-15,5.1926321093847605
2023-02-16,5.2188502557172
2023-02-17,5.217953198861437
2023-02-20,5.16613485214566
2023-02-21,5.1673817082374285
2023-02-22,5.167011284241198
2023-02-23,5.151838451362892
2023-02-24,5.136559361144464
2023-02-27,5.208711272510299
2023-02-28,5.200500728159341
2023-03-01,5.23665392006751
2023-03-02,5.178770904877979
2023-03-03,5.200120266030353
2023-03-06,5.194456801984871
2023-03-07,5.152267168739343
2023-03-08,5.190036560297415
2023-03-09,5.1443280616981895
2023-03-10,5.179433843451989
2023-03-13,5.235784439903
2023-03-14,5.262732788729636
2023-03-15,5.272422852420789
2023-03-16,5.298382326865748
2023-03-17,5.241764063152914
2023-03-20,5.2872475917397415
2023-03-21,5.243742227099063
2023-03-22,5.250747569373289
2023-03-23,5.241126813278811
2023-03-24,5.303368383492001
2023-03-27,5.246322413747521
2023-03-28,5.198695484747703
2023-03-29,5.164343153594814
2023-03-30,5.134677490720151
2023-03-31,5.093331385613055
2023-04-03,5.063226536609534
2023-04-04,5.064183266669603
2023-04-05,5.071359650359625
2023-04-06,5.035988006521563
2023-04-07,5.061501928937105
2023-04-10,5.056608847413032
2023-04-11,5.07051708601648
2023-04-12,5.00760795988208
2023-04-13,4.921704162799642
2023-04-14,4.930257442307209
2023-04-17,4.911301622408928
2023-04-18,4.941815487702627
2023-04-19,4.987086222569985
2023-04-20,5.075421303731447
2023-04-21,5.04841659195597
2023-04-24,5.048510982835637
2023-04-25,5.034200496158405
2023-04-26,5.054525331837908
2023-04-27,5.042823777131446
2023-04-28,4.979663259530754
2023-05-01,4.98764054300409
2023-05-02,4.990064733397958
2023-05-03,5.0397653917781895
2023-05-04,4.996652342711969
2023-05-05,4.987672734953321
2023-05-08,4.956285572914567
2023-05-09,5.0116254786699415
2023-05-10,4.9900581068845895
2023-05-11,4.946473919105132
2023-05-12,4.932364271104575
2023-05-15,4.92148907176454
2023-05-16,4.888466826269507
2023-05-17,4.939854766959116
2023-05-18,4.938080043085506
2023-05-19,4.965630763961599
2023-05-22,4.997804236973366
2023-05-23,4.966616444514785
2023-05-24,4.9713937738414415
2023-05-25,4.958828213169227
2023-05-26,5.036932419245659
2023-05-29,4.994018585930178
2023-05-30,5.018867280724521
2023-05-31,5.036481798857153
2023-06-01,5.056488460265882
2023-06-02,5.015020262095107
2023-06-05,4.95811695965358
2023-06-06,4.926457330712764
2023-06-07,4.912324577343385
2023-06-08,4.923930947970632
2023-06-09,4.921848933836373
2023-06-12,4.878168190950987
2023-06-13,4.859929305971406
2023-06-14,4.860207627107683
2023-06-15,4.811066198004226
2023-06-16,4.805977570112674
2023-06-19,4.806336867489165
2023-06-20,4.778739140796802
2023-06-21,4.789554028330372
2023-06-22,4.763176559355543
2023-06-23,4.772436465045075
2023-06-26,4.786514356027624
2023-06-27,4.768229878307693
2023-06-28,4.810620570782476
2023-06-29,4.849675558429681
2023-06-30,4.855992907562097
2023-07-03,4.7841904960390025
2023-07-04,4.807946731137519
2023-07-05,4.840355239047199
2023-07-06,4.84819840925411
2023-07-07,4.91849851216375
2023-07-10,4.8711730626907865
2023-07-11,4.898557388594327
2023-07-12,4.851179920998931
2023-07-13,4.8186965083361315
2023-07-14,4.798276182700648
2023-07-17,4.789152865894778
2023-07-18,4.806559048288875
2023-07-19,4.810405867051544
2023-07-20,4.790278399417957
2023-07-21,4.797935960582436
2023-07-24,4.777452411747164
2023-07-25,4.724692019235704
2023-07-26,4.749379434376522
2023-07-27,4.734257917475218
2023-07-28,4.742102537445135
2023-07-31,4.72287965495167
2023-08-01,4.722441429269793
2023-08-02,4.788769964341555
2023-08-03,4.80774467501135
2023-08-04,4.909526696147793
2023-08-07,4.879625179541165
2023-08-08,4.8976187008742045
2023-08-09,4.895783376981086
2023-08-10,4.896857107905817
2023-08-11,4.886456949982999
2023-08-14,4.906992460076878
2023-08-15,4.9569643792567595
2023-08-16,4.977499332487243
2023-08-17,4.988824794497873
2023-08-18,4.974654309373818
2023-08-21,4.9660804045888645
2023-08-22,4.976041544989214
2023-08-23,4.936601433319594
2023-08-24,4.852313362688335
2023-08-25,4.87783069210755
2023-08-28,4.867122192033692
2023-08-29,4.872785372665533
2023-08-30,4.851920878403803
2023-08-31,4.887647174251015
2023-09-01,4.952373459185764
2023-09-04,4.974533150113416
2023-09-05,4.934146777344323
2023-09-06,4.964475052489092
2023-09-07,4.975795828046786
2023-09-08,4.974995137907228
2023-09-11,4.981509999811351
2023-09-12,4.929582132576685
2023-09-13,4.947801729526418
2023-09-14,4.916678009922692
2023-09-15,4.869869448053521
2023-09-18,4.868158165479372
2023-09-19,4.854976566142454
2023-09-20,4.866806868151798
2023-09-21,4.878731577516788
2023-09-22,4.934943928418818
2023-09-25,4.9328391208132985
2023-09-26,4.966342421644186
2023-09-27,4.9831383916905745
2023-09-28,5.042286042524893
2023-09-29,5.033011382301994
2023-10-02,5.044478957683963
2023-10-03,5.061965880162234
2023-10-04,5.168557602779856
2023-10-05,5.155059157169717
2023-10-06,5.167251635177195
2023-10-09,5.146116486821768
2023-10-10,5.135651800348455
2023-10-11,5.049747394830462
2023-10-12,5.048125625192569
2023-10-13,5.045698058676037
2023-10-16,5.050966569900482
2023-10-17,5.039635232274179
2023-10-18,5.038543130059225
2023-10-19,5.058440910813715
2023-10-20,5.06558825455852
2023-10-23,5.033312322107292
2023-10-24,5.012375301099041
2023-10-25,4.993071278525691
2023-10-26,4.995663931277647
2023-10-27,4.986581362120888
2023-10-30,4.954862575627885
2023-10-31,5.0476894136153305
2023-11-01,5.03717562708681
2023-11-02,4.954755337478787
2023-11-03,4.956119556824433
2023-11-06,4.900752898776602
2023-11-07,4.886878944529372
2023-11-08,4.873229423409157
2023-11-09,4.909756333098812
2023-11-10,4.9338898806216775
2023-11-13,4.895209137271195
2023-11-14,4.907470842892224
2023-11-15,4.8682455785030925
2023-11-16,4.861089410099453
2023-11-17,4.86501035770766
2023-11-20,4.82205420007358
2023-11-21,4.853687217627225
2023-11-22,4.900955857727411
2023-11-23,4.90619640951428
2023-11-24,4.904230630749681
2023-11-27,4.90080173597562
2023-11-28,4.897346075425048
2023-11-29,4.870871160169543
2023-11-30,4.904865201332939
2023-12-01,4.924010831259693
2023-12-04,4.9017326144902436
2023-12-05,4.945798802124045
2023-12-06,4.927857473327094
2023-12-07,4.902753387727159
2023-12-08,4.910708725927179
2023-12-11,4.891069592515578
2023-12-12,4.935643508879934
2023-12-13,4.965448037257262
2023-12-14,4.919162025422338
2023-12-15,4.915336914857448
2023-12-18,4.918466698625367
2023-12-19,4.895361367757289
2023-12-20,4.86662636959295
2023-12-21,4.9153175812807035
2023-12-22,4.886403446123837
2023-12-25,4.872580581239049
2023-12-26,4.870883382216277
2023-12-27,4.816845262596303
2023-12-28,4.831823690847443
2023-12-29,4.852377635701146
2024-01-01,4.852285086373058
2024-01-02,4.854859978730702
2024-01-03,4.9257340309901
2024-01-04,4.924276532400995
2024-01-05,4.899893394474759
2024-01-08,4.863578898051288
2024-01-09,4.869808497064298
2024-01-10,4.906198582965544
2024-01-11,4.892608044208373
2024-01-12,4.869256732950731
2024-01-15,4.851555858467151
2024-01-16,4.86156278162457
2024-01-17,4.920901065263251
2024-01-18,4.93007745193222
2024-01-19,4.922089830359368
2024-01-22,4.89901661705801
2024-01-23,4.984543729307489
2024-01-24,4.9508976277043075
2024-01-25,4.931103974017105
2024-01-26,4.915731238542662
2024-01-29,4.914214416309164
2024-01-30,4.950338756682754
2024-01-31,4.9504388952911995
2024-02-01,4.951568249725937
2024-02-02,4.913594354998053
2024-02-05,4.926993774798775
2024-02-06,4.949853963684689
2024-02-07,4.961426396883753
2024-02-08,4.970268937881201
2024-02-09,4.994345749481341
2024-02-12,4.954481870469863
2024-02-13,4.9551316052534276
2024-02-14,4.956615297449048
2024-02-15,4.972990032033522
2024-02-16,4.975641972616984
2024-02-19,4.965606465988004
2024-02-20,4.957242468152344
2024-02-21,4.926468895533276
2024-02-22,4.931741594122201
2024-02-23,4.9618938764136535
2024-02-26,4.997085553634349
2024-02-27,4.980662743195126
2024-02-28,4.937633319141469
2024-02-29,4.9692966622581025
2024-03-01,4.9731692376821
2024-03-04,4.959094255268042
2024-03-05,4.9513677886955065
2024-03-06,4.959305865047099
2024-03-07,4.950525902424943
2024-03-08,4.944605212670638
2024-03-11,4.978908918478169
2024-03-12,4.9778578940231455
2024-03-13,4.971268803072632
2024-03-14,4.9676051650808395
2024-03-15,4.993319083226197
2024-03-18,4.967629910801464
2024-03-19,5.0267846295546414
2024-03-20,5.031303190047254
2024-03-21,4.965231334806048
2024-03-22,4.975823177087308
2024-03-25,5.002015195311344
2024-03-26,4.972294161294315
2024-03-27,4.973943585466315
2024-03-28,4.990799291354392
2024-03-29,5.016556734002506
2024-04-01,5.015265180889401
2024-04-02,5.054742053185238
2024-04-03,5.066010930505174
2024-04-04,5.040529849731571
2024-04-05,5.05878566571721
2024-04-08,5.05573957871627
2024-04-09,5.022709427682912
2024-04-10,5.008185440949659
2024-04-11,5.068986349795182
2024-04-12,5.092680659773691
2024-04-15,5.119029210394274
2024-04-16,5.1857374500249875
2024-04-17,5.285468230515419
2024-04-18,5.235483298084773
2024-04-19,5.244818845458099
2024-04-22,5.207949671524318
2024-04-23,5.166180282350524
2024-04-24,5.129483966799512
2024-04-25,5.144610152153291
2024-04-26,5.1570523242317
2024-04-29,5.114031843401704
2024-04-30,5.112712150547026
2024-05-01,5.18640516271455
2024-05-02,5.194675386896847
2024-05-03,5.113095661043416
2024-05-06,5.07109279836277
2024-05-07,5.074900150299072
2024-05-08,5.071194327646623
2024-05-09,5.087228435345991
2024-05-10,5.140085438156234
2024-05-13,5.122522247063444
2024-05-14,5.1520971954150525
2024-05-15,5.1306051581077545
2024-05-16,5.1341032766572425
2024-05-17,5.130651289630464
2024-05-20,5.102500181698134
2024-05-21,5.1024823610400745
2024-05-22,5.119113708612616
2024-05-23,5.148931609367082
2024-05-24,5.1421224950483975
2024-05-27,5.165726139937759
2024-05-28,5.166021592276451
2024-05-29,5.154910552216337
2024-05-30,5.200320622405229
2024-05-31,5.196871721462627
2024-06-03,5.243345968909126
2024-06-04,5.250144531861849
2024-06-05,5.2883027841292
2024-06-06,5.297860979280813
2024-06-07,5.255123508723727
2024-06-10,5.26823263164647
2024-06-11,5.352484031206757
2024-06-12,5.363194123381475
2024-06-13,5.3988666279821595
2024-06-14,5.358763682883421
2024-06-17,5.355298311467892
2024-06-18,5.421558904743961
2024-06-19,5.438790036593019
2024-06-20,5.419141169835512
2024-06-21,5.449559484111433
2024-06-24,5.422913772853349
2024-06-25,5.388265196390164
2024-06-26,5.447015262454614
2024-06-27,5.51475211346758
2024-06-28,5.490252755026859
2024-07-01,5.586129060126495
2024-07-02,5.646252043518701
2024-07-03,5.66899027556866
2024-07-04,5.553516771840976
2024-07-05,5.4865479381595605
2024-07-08,5.4702997024018325
2024-07-09,5.470470937917753
2024-07-10,5.41643351946459
2024-07-11,5.415073765673412
2024-07-12,5.4392182829832905
2024-07-15,5.427100237134255
2024-07-16,5.450209754469142
2024-07-17,5.425308931863583
2024-07-18,5.486772678526705
2024-07-19,5.546071196087552
2024-07-22,5.523174287159691
2024-07-23,5.571597339621519
2024-07-24,5.584305899995173
2024-07-25,5.652531649691781
2024-07-26,5.644092704687409
2024-07-29,5.621688309324327
2024-07-30,5.613545623175469
2024-07-31,5.609601871437917
2024-08-01,5.651554404558113
2024-08-02,5.742980251615451
2024-08-05,5.728790182456578
2024-08-06,5.724178357909011
2024-08-07,5.657043825966298
2024-08-08,5.637371989694884
2024-08-09,5.549306039759755
2024-08-12,5.507291139716926
2024-08-13,5.49336057052932
2024-08-14,5.457282271135682
2024-08-15,5.470196267796155
2024-08-16,5.486496048080256
2024-08-19,5.474177763003354
2024-08-20,5.405848808482574
2024-08-21,5.479776177674012
2024-08-22,5.4837503460223616
2024-08-23,5.595590681291583
2024-08-26,5.486507924549414
2024-08-27,5.497496927354064
2024-08-28,5.50872623187297
2024-08-29,5.563084599362924
2024-08-30,5.627097742483954
2024-09-02,5.608610903596799
2024-09-03,5.613701588665776
2024-09-04,5.647607082427271
2024-09-05,5.640612331937632
2024-09-06,5.56606354069737
2024-09-09,5.597411330421892
2024-09-10,5.584395236361729
2024-09-11,5.663675626762711
2024-09-12,5.667241115692548
2024-09-13,5.630076565525542
2024-09-16,5.61201642304033
2024-09-17,5.504384264735904
2024-09-18,5.484084453951596
2024-09-19,5.46208127986705
2024-09-20,5.424502092721298
2024-09-23,5.51359428577436
2024-09-24,5.535922712942835
2024-09-25,5.448909573566625
2024-09-26,5.475130034061863
2024-09-27,5.437673321151806
2024-09-30,5.432189165542525
2024-10-01,5.447344999608021
2024-10-02,5.422649057441504
2024-10-03,5.440267236810995
2024-10-04,5.4771268930196015
2024-10-07,5.454141602273921
2024-10-08,5.491013523195108
2024-10-09,5.529558191722401
2024-10-10,5.591673264434576
2024-10-11,5.580337793876026
2024-10-14,5.607811618879111
2024-10-15,5.593625752434263
2024-10-16,5.651067451485233
2024-10-17,5.666203592707119
2024-10-18,5.651280022892934
2024-10-21,5.634958756455319
2024-10-22,5.684618627466309
2024-10-23,5.684714632307589
2024-10-24,5.683696684712204
2024-10-25,5.653595180448405
2024-10-28,5.681861366093244
2024-10-29,5.708652241311058
2024-10-30,5.757880554114991
2024-10-31,5.754365405146188
2024-11-01,5.78616950728042
2024-11-04,5.6750563034577794
2024-11-05,5.790605345344375
2024-11-06,5.744564321903624
2024-11-07,5.678857499350897
2024-11-08,5.693611901991517
2024-11-11,5.7428021643153215
2024-11-12,5.7610522492753935
2024-11-13,5.75550595614402
2024-11-14,5.806010143532206
2024-11-15,5.790424606301201
2024-11-18,5.798024848323962
2024-11-19,5.7540831114110915
2024-11-20,5.776198070748251
2024-11-21,5.776782575750872
2024-11-22,5.8206176512733245
2024-11-25,5.799236245719442
2024-11-26,5.795194342900629
2024-11-27,5.81537442729109
2024-11-28,5.938314333036487
2024-11-29,6.016100725221122
2024-12-02,5.975284758704221
2024-12-03,6.062771772370182
2024-12-04,6.051179815322939
2024-12-05,6.052229863211323
2024-12-06,6.019555694754104
2024-12-09,6.091021910411769
2024-12-10,6.08084136169407
2024-12-11,6.048630878523795
2024-12-12,5.953318924250653
2024-12-13,5.9968912223152415
2024-12-16,6.041752145883152
2024-12-17,6.147619273984217
2024-12-18,6.101161340917998
2024-12-19,6.2838686934448456
2024-12-20,6.14868417249454
2024-12-23,6.076418235208393
2024-12-24,6.189626420280091
2024-12-25,6.170461821489085
2024-12-26,6.1752815664381435
2024-12-27,6.140095132695876
2024-12-30,6.181764464633375
2024-12-31,6.166025843729983
2025-01-02,6.294424629042624
2025-01-03,6.147936844516323
2025-01-06,6.18333903155019
2025-01-07,6.1150352202376155
2025-01-08,6.099435786903059
2025-01-09,6.105586522538118
2025-01-10,6.0340627636031465
2025-01-13,6.103121492913034
2025-01-14,6.0921386254903505
2025-01-15,6.0549999689590095
2025-01-16,6.011598558938714
2025-01-17,6.051696574811558
2025-01-20,6.059799766317213
2025-01-21,6.02930539818317
2025-01-22,6.017742781436028
2025-01-23,5.941238271890143
2025-01-24,5.9233599729768684
2025-01-27,5.908863722912229
2025-01-28,5.890531687632175
2025-01-29,5.856919653594105
2025-01-30,5.857414174561768
2025-01-31,5.873154531227158
2025-02-03,5.84673818704141
2025-02-04,5.80711713016467
2025-02-05,5.757859839179105
2025-02-06,5.803886286636384
2025-02-07,5.762257232592447
2025-02-10,5.803982880370314
2025-02-11,5.78608981202828
2025-02-12,5.764851978310617
2025-02-13,5.765328372050192
2025-02-14,5.76738472754289
2025-02-17,5.700818052958879
2025-02-18,5.708552696096774
2025-02-19,5.688196234543596
2025-02-20,5.722199325090685
2025-02-21,5.698574755957338
2025-02-24,5.729567300452231
2025-02-25,5.771952791952373
2025-02-26,5.7414313216442
2025-02-27,5.795782298203023
2025-02-28,5.836250079883427
2025-03-03,5.875660731122196
2025-03-04,6.018561676622084
2025-03-05,5.885370459663137
2025-03-06,5.740938141630409
2025-03-07,5.760452603811927
2025-03-10,5.781049228350525
2025-03-11,5.8515890122469605
2025-03-12,5.8067819500963935
2025-03-13,5.795631575858465
2025-03-14,5.798668031157831
2025-03-17,5.740778035644098
2025-03-18,5.676933650858416
2025-03-19,5.6737451814965425
2025-03-20,5.645230605873961
2025-03-21,5.671902772536725
2025-03-24,5.731651066381687
2025-03-25,5.761882875134745
2025-03-26,5.698696196366426
2025-03-27,5.7318832165886135
2025-03-28,5.736481645611549
2025-03-31,5.75676426140501
2025-04-01,5.698400020599365
2025-04-02,5.680146783092255
2025-04-03,5.661253303387639
2025-04-04,5.6284379765365875
2025-04-07,5.838704655469882
2025-04-08,5.907538403353158
2025-04-09,6.011411782259074
2025-04-10,5.813974958705331
2025-04-11,5.881310946293069
2025-04-14,5.862434970701828
2025-04-15,5.853520853937938
2025-04-16,5.884282383456993
2025-04-17,5.865018418358403
2025-04-22,5.808702401647736
2025-04-23,5.721593202594022
2025-04-24,5.7049625412834075
2025-04-25,5.6821185868799375
2025-04-28,5.686217990878504
2025-04-29,5.654624673326055
2025-04-30,5.620927104931071
2025-05-01,5.674403531210942
2025-05-02,5.678939623629276
2025-05-05,5.666174958071764
2025-05-06,5.686168973939233
2025-05-07,5.713651299480489
2025-05-08,5.7449963239783415
2025-05-09,5.661780990222724
2025-05-12,5.648849786881669
2025-05-13,5.670939359959448
2025-05-14,5.6018297381461934
2025-05-15,5.636894300631354
2025-05-16,5.682726480739575
2025-05-19,5.660405375427047
2025-05-20,5.646097188290923
2025-05-21,5.669198645786082
2025-05-22,5.642323701592943
2025-05-23,5.716456771773437
2025-05-26,5.64703426534993
2025-05-27,5.668583528788986
2025-05-28,5.638504968386543
2025-05-29,5.687465634499489
2025-05-30,5.665887535418733
2025-06-02,5.723488940488835
2025-06-03,5.6751683718670165
2025-06-04,5.640252629875022
2025-06-05,5.6351247562139415
2025-06-06,5.588330757408357
2025-06-09,5.565264101041123
2025-06-10,5.557433399928186
2025-06-11,5.5729749746220145
2025-06-12,5.537499271029105
2025-06-13,5.5389061273535845
2025-06-16,5.5416915975536085
2025-06-17,5.492024575068967
2025-06-18,5.494131553656189
2025-06-19,5.486219991670623
2025-06-20,5.4908178448336
2025-06-23,5.527042296329228
2025-06-24,5.496283589627637
2025-06-25,5.510189803787854
2025-06-26,5.559083934690251
2025-06-27,5.478901957954349
2025-06-30,5.4797756088835285
2025-07-01,5.43112837158958
2025-07-02,5.461141851022319
2025-07-03,5.428348579091562
2025-07-04,5.410922909703685
2025-07-07,5.419584337361016
2025-07-08,5.488869013771307
2025-07-09,5.448997729462235
2025-07-10,5.581917094802521
2025-07-11,5.530336588857864
2025-07-14,5.572033399567374
2025-07-15,5.587430143586516
2025-07-16,5.553312420892439
2025-07-17,5.5704572969560795
2025-07-18,5.550077809725963
2025-07-21,5.579762607873818
2025-07-22,5.5670078254945
2025-07-23,5.566364699885526
2025-07-24,5.5202284431442195
2025-07-25,5.521081790920335
2025-07-28,5.565511661044411
2025-07-29,5.5857161859082956
2025-07-30,5.5729494234221875
2025-07-31,5.57516027311621
2025-08-01,5.595832793043769
2025-08-04,5.537307469222071
2025-08-05,5.49539660652934
2025-08-06,5.5040782608559775
2025-08-07,5.460466984646247
2025-08-08,5.4147924316970375
2025-08-11,5.4338808351184875
2025-08-12,5.441238450700893
2025-08-13,5.403133368856004
2025-08-14,5.394714888710837
2025-08-15,5.412524023210494
2025-08-18,5.402965616541452
2025-08-19,5.436830675172188
2025-08-20,5.49790220184758
2025-08-21,5.467219452672225
2025-08-22,5.463237040649118
2025-08-25,5.421966884318863
2025-08-26,5.411409510908072
2025-08-27,5.431520514966678
2025-08-28,5.417921982852932
2025-08-29,5.413790574685436
2025-09-01,5.432655378066215
2025-09-02,5.438383584023143
2025-09-03,5.470121732954567
2025-09-04,5.449767264477146
2025-09-05,5.443727522146418
2025-09-08,5.411691246070916
2025-09-09,5.420652158678024
2025-09-10,5.4343500266958245
2025-09-11,5.4034366443025315
2025-09-12,5.391529611086298
2025-09-15,5.352765508596349
2025-09-16,5.317453642591658
2025-09-17,5.298183398936885
2025-09-18,5.310774237702333
2025-09-19,5.307195865300628
2025-09-22,5.325703308719994
2025-09-23,5.335164226741313
2025-09-24,5.282994597434595
2025-09-25,5.3324101488664155
2025-09-26,5.366263918477443
2025-09-29,5.34525020642252
2025-09-30,5.322210784980939
2025-10-01,5.322218501135012
2025-10-02,5.3325729065413725
2025-10-03,5.339236124716081
2025-10-06,5.335747196477541
2025-10-07,5.313696630258505
2025-10-08,5.355496854033618
2025-10-09,5.337824627126508
2025-10-10,5.386642236455145
2025-10-13,5.528600053308992
2025-10-14,5.467089027687051
2025-10-15,5.484717715589113
2025-10-16,5.450198868625195
2025-10-17,5.442648551932052
2025-10-20,5.408127259011167
2025-10-21,5.371180663264568
2025-10-22,5.3877128155400555
2025-10-23,5.402207873323164
2025-10-24,5.384536551905512
2025-10-27,5.388095037021457
2025-10-28,5.374745790752228
2025-10-29,5.3585086400862565
2025-10-30,5.357242741524458
2025-10-31,5.37972330726484
2025-11-03,5.37380994776271
2025-11-04,5.354803491844848
2025-11-05,5.395311528403511
2025-11-06,5.356713778232062
2025-11-07,5.3480452436615185
2025-11-10,5.3292475931704075
2025-11-11,5.288139657649111
2025-11-12,5.270426031924445
2025-11-13,5.288162044172964
2025-11-14,5.291886940150846
2025-11-17,5.289748243854035
2025-11-18,5.326968742186977
2025-11-19,5.3166199162721455
2025-11-20,5.326974722990941
2025-11-21,5.329175600818986
2025-11-24,5.400139165548979
2025-11-25,5.384203252191413
2025-11-26,5.379404906654145
2025-11-27,5.3303094652123955
2025-11-28,5.356342383685842
2025-12-01,5.3350105366034475
2025-12-02,5.35738545081341
2025-12-03,5.328968815744645
2025-12-04,5.307357374022558
2025-12-05,5.310531604015182
2025-12-08,5.439579217896836
2025-12-09,5.430461357817364
2025-12-10,5.433020900893382
2025-12-11,5.471199948858043
2025-12-12,5.405937473113056
2025-12-15,5.4175554080467245
2025-12-16,5.412777754727956
2025-12-17,5.505429428155253
2025-12-18,5.515757247700719
2025-12-19,5.518335021123305
2025-12-22,5.536465169090775
2025-12-23,5.587160374444692
2025-12-24,5.514774739097647
2025-12-26,5.51501238483297
2025-12-29,5.535710486150265
2025-12-30,5.562789975401273
2025-12-31,5.467706668204073
2026-01-02,5.515190598243976
2026-01-05,5.421160700665922
2026-01-06,5.405023143983613
2026-01-07,5.366698089146582
2026-01-08,5.3794800137948755
2026-01-09,5.379743002857282
2026-01-12,5.3650800300179915
2026-01-13,5.370293137525948
2026-01-14,5.370983267592294
2026-01-15,5.3941789325735385
2026-01-16,5.3518246281967095
